housing_flg,Googleâ€™s First Url,Category,,,,,
,,,,,,,
AADHAR HOUSING FINAN,https://aadharhousing.com/,Home Loan,,,,,
AAMAADMIPARTY,https://aamaadmiparty.org/,other,,,,,
Aavas Financiers Lim,https://www.aavas.in/,Home Loan,,,,,
ABHIPRA CAPITAL LTD,https://www.abhipra.com/,Investor,,,,,
ANDB ,https://www.onlineandhrabank.net.in/BankAwayRetail/AuthenticationController?__START_TRAN_FLAG__=Y&FORMSGROUP_ID__=AuthenticationFG&__EVENT_ID__=LOAD&FG_BUTTONS__=LOAD&ACTION.LOAD=Y&AuthenticationFG.LOGIN_FLAG=1&BANK_ID=011,Bank,,,,,
BARB ,https://dictionary.cambridge.org/dictionary/english/barb,Bank,,,,,
BKID ,https://www.ifsccodebank.com/search-by-IFSC-code.aspx?IFSCCode=BKID,Bank,,,,,
CITI ,https://www.online.citibank.co.in/,Bank,,,,,
CNRB ,https://www.canarabank.in/,Bank,,,,,
CORP ,https://www.corpnetbanking.com/,Bank,,,,,
DR FILE DTD ,https://web-in-security.blogspot.com/2016/03/xxe-cheat-sheet.html,other,,,,,
DR TPZ DT ,https://www.flipkart.com/dynosure-doctor-dt-sino-japan-bp-monitor/p/itmefstkasxdtzpy,other,,,,,
HDFC ,https://www.hdfcbank.com/,Bank,,,,,
HSBC ,https://www.hsbc.co.in/,Bank,,,,,
IBKL ,https://www.ifsccodebank.com/search-by-IFSC-code.aspx?IFSCCode=IBKL,Bank,,,,,
ICIC ,https://www.icicibank.com/,Bank,,,,,
IDIB ,https://www.ifsccodebank.com/search-by-IFSC-code.aspx?IFSCCode=IDIB,Bank,,,,,
IOBA ,http://www.ioba.org/pages/,Bank,,,,,
KKBK ,https://www.kotak.com/en.html,Bank,,,,,
MAHB ,https://www.malaysiaairports.com.my/,Bank,,,,,
ORBC ,http://in.finance.yahoo.com/q?s=ORBC,Bank,,,,,
PSIB ,https://www.psib.edu.in/,Bank,,,,,
SBIN ,http://www.moneycontrol.com/stocks/cptmarket/compsearchnew.php?search_str=INE062A01020,Bank,,,,,
SBTR ,https://etax.idbibank.co.in/IGR/,Bank,,,,,
SCBL ,https://www.abbreviations.com/SCBL,Bank,,,,,
SIBL ,https://www.siblbd.com/,Bank,,,,,
SYNB ,https://www.syndonline.in/B001/ENULogin.jsp,Bank,,,,,
UBIN ,https://en.wikipedia.org/wiki/Pulau_Ubin,Bank,,,,,
UCBA ,https://ucba.com/,Bank,,,,,
UTIB ,https://www.ifsccodebank.com/search-by-IFSC-code.aspx?IFSCCode=UTIB,Bank,,,,,
VIJB ,https://www.vijayabankonline.in/NASApp/index.html,Bank,,,,,
YESB ,https://www.yesbank.in/,Bank,,,,,
ACHAL,https://www.youtube.com/watch?v=8bodJ6-ud4w,Investor,,,,,
ACHAL AND ACHAL,https://www.youtube.com/watch?v=0M9a3XoQFnc,Investor,,,,,
ACHAL CHIT O,http://www.mca.gov.in/DataPortal/Ministry/DataPortal/Chit_Fund_Companies_1.pdf,other,,,,,
ACHAL CHITTS,https://www.zaubacorp.com/company/ACHAL-CHITS-PRIVATE-LIMITED/U65992DL2004PTC126192,other,,,,,
ACHAL GOYAL,https://www.facebook.com/public/Achal-Goyal,LnInvest,,,,,
ACHALA,https://www.himalayanart.org/search/set.cfm?setID=199,Investor,,,,,
ACHALA KULSHRESTHA,https://www.facebook.com/public/Achala-Kul,other,,,,,
ACHAY LAL ,https://www.facebook.com/public/Achay-Lal,other,,,,,
ACHDR FTPZ DT ,https://www.nelito.com/digital-banking/nach-mms.html,other,,,,,
ACHDRTPZ A ,http://www.fxlog.co.uk/history/achdr,other,,,,,
ACHDRTPZ DT ,http://www.ni.com/example/31215/en/,other,,,,,
ACHHRI TANGRI,http://finediningindian.com/2017/03/11/how-to-make-achari-chicken-tangdi-kabab-party-food/,other,,,,,
ACHIEVERS HOME,http://achievershome.com/,Home Loan,,,,,
ACHIN,https://en.wikipedia.org/wiki/Achin_District,other,,,,,
ACHIN ,https://en.wikipedia.org/wiki/Achin_District,other,,,,,
ACHIN GARG ,https://www.facebook.com/public/Achin-Garg,other,,,,,
ACHIN KUMAR,https://in.linkedin.com/in/achinkumar,other,,,,,
ACHLA PAHWA,https://www.facebook.com/achlapahwa.diarykepanne.blogspot.in/,other,,,,,
ACHLA PAHWA ,https://www.facebook.com/achlapahwa.diarykepanne.blogspot.in/,other,,,,,
ACHYUT ,https://www.bachpan.com/Meaning-of-Achyut.aspx,Investor,,,,,
ADARSHCREDITCOOPLTD,http://adarshcredit.in/,Investor,,,,,
ADARSHSAHIYOGCOOPTHR,http://adarshcredit.in/whats-new/,other,,,,Finance = Investor+Loan+Insurance,
ADITSHFINTECHPVTLTD,https://www.zaubacorp.com/company/ADITSH-FINTECH-PRIVATE-LIMITED/U65929DL2017PTC326684,Investor,,,,,
ADITY BIRLA FINANCE,https://abfl.adityabirlacapital.com/Pages/Individual/About-Us/Company-Profile.aspx,Finance,,,,,
Aditya Birla Finance,https://abfl.adityabirlacapital.com/Pages/Individual/About-Us/Company-Profile.aspx,Finance,,,,,
ADITYA BIRLA HOUSING,https://homefinance.adityabirlacapital.com/,Home Loan,,,,,
ADITYABIRLAHOSFINLTD,,Home Loan,,,,,
AEGOLIFINSCOMPLTD,https://www.aeoncredit.co.in/,other,,,,,
AeonCreditServiceInd,https://www.zaubacorp.com/company/AKANSHA-FINANCE-AND-LEASING-COMPANY-PRIVATE-LIMITED/U65910GJ1992PTC018391,Loan,,,,,
AKAANKSHACREDITLEASE,https://www.zaubacorp.com/company/AKARA-CAPITAL-ADVISORS-PRIVATE-LIMITED/U74110DL2016PTC290970,Investor,,,,,ASSMT = Insurance+Investor
AKARA CAPITAL ADVISO,https://www.zaubacorp.com/company/AKARA-CAPITAL-ADVISORS-PRIVATE-LIMITED/U74110DL2016PTC290970,Investor,,,,,
AKARACAPITALADVISORS,https://www.alankit.com/group-company/alankit-assignments-limited,Investor,,,,,
AlankitAssignmentsLi,https://www.alankit.com/group-company/alankit-assignments-limited,Assmt,,,,,
ALANKITASSIGNMENTSLT,,Assmt,,,,,
ALANKITASSMTLTD,,Assmt,,,,,
ALLAHABAD BANK,https://www.allahabadbank.in/,Bank,,,,,
ALLAHABADBANKLNRP,https://www.allahabadbank.in/,Bank,,,,,
ALLAHABADBANKUTBP,https://www.sulekha.com/itbp-exam-coaching/allahabad,Bank,,,,,
AMERICAN EXPRESS BAN,https://www.americanexpress.com/in/,Bank,,,,,
ANAND RATHI GLOBAL F,https://www.rathi.com/,Finance,,,,,
ANANDRATHISHARESTOCK,https://www.rathi.com/,Finance,,,,,
ANKUR TRADE LINKS PV,https://www.justdial.com/Delhi/Ankur-Trade-Links-Pvt-Ltd-Mini-Market-Yusuf-Sarai-Green-Park/011PXX11-XX11-171221060535-J5N3_BZDET,,,,,,
ARISTOSECURITIESPVTL,https://connect2india.com/ARISTO-SECURITIES-PRIVATE-LIMITED/1210360,,,,,,
ARTHOUSING,https://www.arthfc.com/,,,,,,
Au Financiers I Ltd,https://en.wikipedia.org/wiki/AU_Small_Finance_Bank,,,,,,
AU FINANCIERS INDIA,https://www.aubank.in/,,,,,,
AU SMALL BANK,https://www.aubank.in/,,,,,,
AU SMALL FINANCE BAN,https://www.aubank.in/,,,,,,
AuFinanciersIltd,https://en.wikipedia.org/wiki/AU_Small_Finance_Bank,,,,,,
AUHOUSINGFINANCELIMI,https://www.aavas.in/,,,,,,
AUHOUSINGFINANCELTD,https://www.aavas.in/,,,,,,
AUSFB Consumer Durab,https://www.aubank.in/legal/disclaimer,,,,,,
AUXILO FINSERVE PRIV,https://www.auxilo.com/,,,,,,
AVA Lifestyle Produc,https://www.zaubacorp.com/company/AVA-LIFESTYLE-PRODUCTS-SERVICES-PRIVATE-LIMITED/U71210DL2014PTC269797,,,,,,
AVANSE FINANCIAL SER,https://avanse.com/,,,,,,
AVIVA LIFE INSURAMNC,https://www.avivaindia.com/,,,,,,
AVIVA LIFE INSURANCE,https://www.avivaindia.com/,,,,,,
AVIVALIFEINSURANCE,https://www.avivaindia.com/,,,,,,
AXISMF,https://www.axismf.com/,,,,,,
AXISMUTUALFUND,https://www.axismf.com/,,,,,,
AYEFINANCEPVTLTD,http://www.ayefin.com/,,,,,,
BAJAJ CAPITAL LIMITE,https://www.bajajcapital.com/,,,,,,
BAJAJ FINANCE LTD,https://www.bajajfinserv.in/corporate-bajaj-finance,,,,,,
BAJAJCAPITALLTD,https://www.bajajcapital.com/,,,,,,
BAJRANGINVPLTD,https://www.youtube.com/watch?v=nqwPy2TgXp4,,,,,,
BAL BHARATI PUBLIC S,https://bbpsgr.balbharati.org/,,,,,,
BANKOFMAHARASHTRA,https://www.bankofmaharashtra.in/,,,,,,
BARB,https://dictionary.cambridge.org/dictionary/english/barb,,,,,,
BBPS DWARKA,https://bbpsdwarka.balbharati.org/,,,,,,
BBPS ROHINI,https://bbpsrohini.balbharati.org/,,,,,,
BD Aam Aadmi Party,https://aamaadmiparty.org/,,,,,,
BD Adani,https://scroll.in/article/881928/rs-7410-crore-question-jharkhand-amends-energy-policy-to-buy-power-from-adani-at-higher-price,,,,,,
BD AXIS MF,https://www.axismf.com/mutual-funds/debt-funds/axis-banking-psu-debt-fund/bd-gp/regular,,,,,,
BD BajajFinance,https://www.bajajfinserv.in/emi-network-camera-on-emi,,,,,,
BD Banayan Tree,http://bd.banyantree.com/,,,,,,
BD Bharti AXA,https://www.bharti-axalife.com/fund_performance/get-fund-values,,,,,,
BD BNP PARIBAS MF,https://www.bnpparibasmf.in/,,,,,,
BD BOBPMF MF,https://www.barodamf.com/,,,,,,
BD BSE,https://www.moneycontrol.com/india/stockpricequote/glass-glass-products/bdindustries/BDI01,,,,,,
BD BSE Limited,https://www.moneycontrol.com/india/stockpricequote/miscellaneous/bselimited/B08,,,,,,
BD BSESRAJE,,,,,,,
BD BSESYAMU,https://www.bsesdelhi.com/web/bypl,,,,,,
BD Camden,https://zestmoney.in/contact/,,,,,,
BD CANARA ROBECO MF,https://www.canararobeco.com/,,,,,,
BD CRYNACH,https://www.bankdirect.com/pdf/bd_electronic_funds_transfer_05_06.pdf,,,,,,
BD DCB Bank,https://www.dcbbank.com/,,,,,,
BD E Advisors Pvt L,https://www.monsterindia.com/amp/bde-sales-bd-jobs-in-india.html,,,,,,
BD ESSEL MF,https://www.esselfinance.com/mutual-fund/our-team,,,,,,
BD FranklinTempleton,https://www.franklintempletonindia.com/investor/fund-details/fund-historicalnavs/franklin-india-ultra-short-bond-fund-12119,,,,,,
BD HSBC MF,https://www.hsbc.co.in/investments/products/mutual-funds/,,,,,,
BD ICICI Merchant,https://www.icicibank.com/Personal-Banking/cards/debit-card/debit-cards/merchant-services.page,,,,,,
BD IDBIFDLI,https://www.bb.org.bd/aboutus/regulationguideline/beftn_operatingrules.pdf,,,,,,
BD IDBIMFB MF,http://www.vanguardaml.com/product/mutual-fund,,,,,,
BD IGL,https://www.iglonline.net/english/Default.aspx?option=tender&type=ALTND&id=0&mnuid=180&prvtyp=site,,,,,,
BD India Infoline M,https://www.indiainfoline.com/,,,,,,
BD IndusindBankLoan,https://www.indusind.com/business/special-services/business-loans/business-loans.html,,,,,,
BD Innovage Fintech,https://www.5nance.com/home/about-us,,,,,,
BD Integrated Secur,http://www.issslbd.com/,,,,,,
BD InvescoMF,https://www.fundsindia.com/a/invesco-mutual-funds,,,,,,
BD KARVYSTBRL,,,,,,,
BD KOTAK MF,https://assetmanagement.kotak.com/,,,,,,
BD Kotak MF OTM,https://assetmanagement.kotak.com/,,,,,,
BD LIC Mutual Fund,https://www.licmf.com/,,,,,,
BD LNT MF,http://www.ltfs.com/companies/lnt-investment-management/lnt-mutual-fund.html,,,,,,
BD MF Utilities,https://www.mfuindia.com/,,,,,,
BD MF Utilities Lump,https://www.mfuindia.com/,,,,,,
BD MFA Wealth Soluti,https://www.myfinad.com/about-us.php,,,,,,
BD MIRAE Mutual Fun,https://www.miraeassetmf.co.in/,,,,,,
BD MOSL,https://www.motilaloswal.com/downloads.aspx,,,,,,
BD Motilal MF,https://www.motilaloswalmf.com/,,,,,,
BD Mywish,http://www.glamorousbd.com/wishlist.php,,,,,,
BD NACH PaySense,https://www.gopaysense.com/contact-us/,,,,,,
BD NSE NMF ACH,https://www.nsenmf.com/,,,,,,
BD PayTM Money,https://www.quora.com/Can-I-use-Paytm-from-Bangladesh,,,,,,
BD PaytmMoney,https://m.economictimes.com/small-biz/startups/newsbuzz/paytm-money-app-for-mutual-funds-heres-everything-you-need-to-know/videoshow/65690552.cms,,,,,,
BD PPFAS MF,https://amc.ppfas.com/,,,,,,
BD PRAM MF SIP,http://www.dhflpramericamf.com/,,,,,,
BD Principa MF,https://www.principalindia.com/,,,,,,
BD QUANTUM MF,https://www.quantumamc.com/,,,,,,
BD Ratnakar Bank Ltd,https://en.wikipedia.org/wiki/RBL_Bank,,,,,,
BD SAVE BRB,https://www.savethechildren.in/about-us/contact-us,,,,,,
BD SBI Life,https://mypolicy.sbilife.co.in/E-Statement/PremiumCertificate.aspx,,,,,,
BD SBI Mutual Fund,https://www.sbimf.com/en-us,,,,,,
BD SBICCMB PYMT,,,,,,,
BD SQRRL FINTECH,https://angel.co/company/sqrrl-fintech,,,,,,
BD Sundaram MF,https://www.sundarammutual.com/,,,,,,
BD TATA AIA Life Ins,http://tataaia.com/,,,,,,
BD TATA MF,http://www.tatamutualfund.com/,,,,,,
BD TPDDL,http://www.tatapower-ddl.com/showcontent.aspx?this=140&id=162,,,,,,
BD UTIMF SMS,https://www.utimf.com/servicerequest/sms-service,,,,,,
BD Valuefy,https://www.valuefy.com/,,,,,,
BD VastuHFC EMI,http://www.emi.ebl-bd.com/,,,,,,
BD WATERAID,https://www.wateraid.org/bd/,,,,,,
BDACH CHSBCOBCLICB,https://www.facebook.com/beachclub974/,,,,,,
BDACH IDEA,https://www.craftionary.net/summer-beach-activities-fun/,,,,,,
BDACH ILFSB,https://www.consumercomplaints.in/united-bank-of-india-ubi-amount-debited-unknowingly-c1593155,,,,,,
BDACH ORIXINDB,https://www.scribd.com/document/375445055/4991XXXXXXXXX816013-12-2017,,,,,,
BDACH SBIELRCTVM,https://ifsc.bankifsccode.com/SBIN0000941,,,,,,
BDACH STARUD,https://www.pinterest.com/pin/480337116489333313/,,,,,,
BDACTIONAID,https://www.facebook.com/1675054822612173/posts/action-aid-bangladesh-%E0%A6%8F%E0%A6%B0-%E0%A6%A8%E0%A6%BF%E0%A6%AE%E0%A7%8D%E0%A6%A8%E0%A6%B2%E0%A6%BF%E0%A6%96%E0%A6%BF%E0%A6%A4-%E0%A6%B6%E0%A7%82%E0%A6%A8%E0%A7%8D%E0%A6%AF-%E0%A6%AA%E0%A6%A6%E0%A6%B8%E0%A6%AE%E0%A7%82%E0%A6%B9-%E0%A7%A7-training-coordinator%E0%A7%A8-senior-/1676739115777077/,,,,,,
BDBankofIndia,https://sbibd.com/,,,,,,
BDBYJUS,http://gaydar-arcadia.com/carslist/plateseries/BD/BDBY/BDBYJ,,,,,,
BDDMINBFC,https://www.dmifinance.in/,,,,,,
BDEarlySalary Repymt,https://www.earlysalary.com/terms-conditions,,,,,,
Aegon Life ins,https://www.aegonlife.com/,,,,,,
AXAINS COLTD,https://axainsurancecompany.com/,,,,,,
AXIS MF,https://www.axismf.com/Online/Login,,,,,,
BHARATI AIRTEL,https://www.airtel.in/about-bharti/about-bharti-airtel,,,,,,
BillDesk VE,https://billdesk.com/,,,,,,
BIRLA SUN MF,https://mutualfund.adityabirlacapital.com/,,,,,,
BNP PARIBASM,https://www.mfuindia.com/,,,,,,
BOBCARD,,,,,,,
BSE Limited,https://www.bseindia.com/,,,,,,
BSES RAJDHAN,https://www.bsesdelhi.com/web/brpl/duplicate-bill-for-govt-consumer,,,,,,
BSES YAMUNA,https://www.bsesdelhi.com/web/bypl,,,,,,
Canara HSBCOBC,https://www.thehindubusinessline.com/money-and-banking/canara-hsbc-obc-life-aiming-to-make-it-to-top-five-league-chairman/article27141185.ece,,,,,,
CRY ECS PYMT,https://www.billdesk.com/faq_ecs.htm,,,,,,
DCB Limited,https://dcbltd.com/,,,,,,
DLF PRAM INS,https://www.amazon.in/b?ie=UTF8&node=6405324031,,,,,,
EECS FUL,https://www.financialexpress.com/industry/banking-finance/banks-switching-from-ecs-to-nach-here-is-what-you-need-to-know/300649/,,,,,,
ERATNAKA,,,,,,,
Edelweis INS,https://www.edelweissinsurance.com/,,,,,,
FRANKLINTEMP B,https://www.franklintempletonindia.com/investor/funds-and-solutions/latest-fund-navs-and-dividends,,,,,,
HDFC MF,https://www.hdfcfund.com/,,,,,,
HDFCBANK EMI,https://www.hdfcbank.com/personal/products/loans/easyemi,,,,,,
IDBI Federal,https://www.idbifederal.com/,,,,,,
IDEA PAYMENT,https://care.ideacellular.com/wps/portal/account/express-paybill,,,,,,
IL AND FS,https://www.ilfsindia.com/about-us/group-profile/,,,,,,
ILFS ISSL NP,https://www.ilfsdp.com/,,,,,,
IndiaFirstLi,,,,,,,
IndraPrastha,,,,,,,
INDUSIND BANK,https://www.indusind.com/offers-and-terms-and-conditions/services-tnc/nach.html,,,,,,
InvescoMF,https://www.academia.edu/38492290/Aug_2018_-_Feb,,,,,,
IPRU MF,https://www.icicipruamc.com/,,,,,,
IPRUINSRB,https://www.financialexpress.com/industry/banking-finance/banks-switching-from-ecs-to-nach-here-is-what-you-need-to-know/300649/,,,,,,
JUSTDIALB,https://www.glassdoor.co.in/Interview/JustDial-TME-Interview-Questions-EI_IE379017.0,,,,,,
KOTAK MF,https://assetmanagement.kotak.com/distributor-homepage,,,,,,
LIC MF,https://www.licmf.com/,,,,,,
MIRAE PAYMNT,https://www.miraeassetmf.co.in/knowledge-academy/introduction-to-mutual-fund,,,,,,
MSEB,http://www.mercindia.org.in/2203043403_Order_Shri_N_N_Kale.htm,,,,,,
NDPL,http://ava.jpl.nasa.gov/defaults/aster_retrieve.php?filename=20160103151116&prefix=L1B,,,,,,
NDPLDL,https://dokumen.tips/documents/memoria-de-proyectos-de-innovacion-y-mejora-educativa-2014-2015.html,,,,,,
Orix,https://mutualfund.esselfinance.com/,,,,,,
Peerless MF,,,,,,,
PlanInt PYMT,,,,,,,
Pramerica MF,http://www.dhflpramericamf.com/,,,,,,
PRINCIPAL MF,https://www.principalindia.com/contact,,,,,,
Quantum MF,https://www.quantumamc.com/Factsheet.aspx?SchemeId=0&FactSheetType=1,,,,,,
RBL CC,https://www.rblbank.com/category/credit-cards,,,,,,
Reliance MF,https://www.reliancemutual.com/,,,,,,
Save Donatio,https://www.savethechildren.in/support-us/donate,,,,,,
SBICPSL PYMT,https://www.sbicard.com/en/disclaimer.page,,,,,,
SBIELRC TVM,,,,,,,
SBILIF,https://mypolicy.sbilife.co.in/,,,,,,
SBIMUTUAL FD,https://www.sbimf.com/en-us,,,,,,
SCBAMEX,,,,,,,
StarUnionDai,,,,,,,
SUNDARAM MF,https://www.sundarammutual.com/,,,,,,
TATAAIA LIFE,http://tataaia.com/,,,,,,
UTIMUTUAL FD,https://www.utimf.com/,,,,,,
BDECS_RELIGARE,https://www.invescomutualfund.com/literature-and-form?tab=Forms,,,,,,
BDECS_SCB_Barclays,https://www.cnbc.com/2018/05/23/barclays-is-reportedly-looking-at-a-potential-merger-with-standard-chartered.html,,,,,,
BDIPRU,https://www.paypalobjects.com/en_US/vhelp/paypalmanager_help/about_ach_payments.htm,,,,,,
BDJustDial,https://www.justdial.com/,,,,,,
BDPramerica,https://www.sebi.gov.in/filings/mutual-funds/feb-2018/dhfl-pramerica-fixed-duration-fund-series-au-to-bd_37844.html,,,,,,
BDRENTICKLE,https://www.rentickle.com/,,,,,,
BEE SECURE HOME FINA,https://www.incred.com/MITC.html,,,,,,
BESTCAPSERLTD,https://hatstore.co.in/,,,,,,
BHANIX FINANCE AND I,http://bhanixfinance.com/,,,,,,
BHARTIAIRTELLTD,https://www.airtel.in/about-bharti/about-bharti-airtel,,,,,,
BILL FOR,https://idioms.thefreedictionary.com/bill+for,,,,,,
BILL FOR ,https://idioms.thefreedictionary.com/bill+for,,,,,,
BIRLAMF CAMS,https://mutualfund.adityabirlacapital.com/location,,,,,,
BLUE JAY FINLEASE LI,https://www.zaubacorp.com/company/BLUE-JAY-FINLEASE-LIMITED/U65910DL1996PLC083130,,,,,,
BLUE JAY FINLEASE LT,https://www.zaubacorp.com/company/BLUE-JAY-FINLEASE-LIMITED/U65910DL1996PLC083130,,,,,,
BLUEJAY FINLEASE LIM,https://www.zaubacorp.com/company/BLUE-JAY-FINLEASE-LIMITED/U65910DL1996PLC083130,,,,,,
BNPPARIPASMUTUALFUND,https://www.bnpparibasmf.in/,,,,,,
BRITANNNIAINDUSTRIES,http://britannia.co.in/,,,,,,
BSNL CAL TELEPHONES,https://www.calcuttatelephones.com/,,,,,,
BSNLCHANDIGARH,http://www.punjab.bsnl.co.in/,,,,,,
BSNLCTD,https://www.calcuttatelephones.com/,,,,,,
BUSINESSBANKOPS,https://seekingalpha.com/news/2634995-fifth-third-names-senior-comerica-exec-its-next-coo,,,,,,
BUSSANAUTOFININDPLD,https://www.thebalance.com/what-does-ach-stand-for-315226,,,,,,
BWSSB,https://www.bwssb.gov.in/,,,,,,
CAMDEN TECHNOLOGIES,https://zestmoney.in/contact/,,,,,,
CANFINHOMESLTD,https://www.canfinhomes.com/,,,,,,
CAPFLOAT FINANCIAL S,https://www.capitalfloat.com/company,,,,,,
CAPITAL FIRST LTD,https://www.capitalfirst.com/,,,,,,
CAPITALTRADELINKSLIM,https://capitaltrade.in/,,,,,,
CAPITALTRUSTLTD,http://www.capitaltrustltd.com/,,,,,,
CAREER AASHA,https://asha-india.org/get-involved/job-opportunities/,,,,,,
CARS SERVICES PRIV,https://www.cars24.com/contact/,,,,,,
CBIMHAEMPLOYEECOOPTH,,,,,,,
CCPC NEW DELHI,http://nearmyhome.in/Banner/34495/state-bank-of-india-ccpc-cts-new-delhi,,,,,,
CCPC NEW DELHI EMI,http://www.banksandatm.com/sbi-bank-ccpc-cts-new-delhi-delhi/,,,,,,
CENT BANK HOME FINAN,https://www.cbhfl.com/,,,,,,
CENTRAL BANK OF INDI,https://www.centralbankofindia.co.in/,,,,,,
CGCL,http://www.moneycontrol.com/stocks/cptmarket/compsearchnew.php?search_str=INE180C01026,,,,,,
CGHFL,https://caprihomeloans.com/,,,,,,
CHOLAMANDALAM INVEST,http://www.cholamandalam.com/,,,,,,
Cholamandalaminvestm,http://www.cholamandalam.com/,,,,,,
CITI LOAN PMT ,https://www.billdesk.com/pgidsk/pgijsp/citicardemi/citiemi_detail.jsp,,,,,,
CITIBANK CREDITCARDS,https://www.online.citibank.co.in/credit-card/credit-card.htm,,,,,,
CLEARINGDEPARTMENTKC,http://www.tkpl.in/customs-clearance/,,,,,,
CLGDEPT,http://dce.rajasthan.gov.in/,,,,,,
CLIX FINANCE INDIA U,https://www.clix.capital/clix-finance/,,,,,,
CLIXCAPITALSERVICESP,https://www.clix.capital/,,,,,,
CLIXCAPITALSERVPVTLT,https://www.clix.capital/,,,,,,
CLIXHOUSINGFINANCEPV,https://www.clix.capital/clix-housing/,,,,,,
CNHINDUSTRIALCAPITAL,https://www.cnhindustrialcapital.com/,,,,,,
CNRB ,https://www.canarabank.in/,,,,,,
CONCERN INDIA FOUNDA,https://www.concernindiafoundation.org/,,,,,,
CORPORATIONBANKHORLD,http://joinindianarmy.nic.in/writereaddata/Portal/RallyResult/OpTransactionHistory11-03-2016.pdf,,,,,,
CREDILAFINANCIALSERV,http://www.hdfccredila.com/contact-us/contact-us.html,,,,,,
CREDITSUDHAARFINANCE,https://www.creditsudhaarfinance.com/,,,,,,
CREFINSERPLTD,https://www.quora.com/What-are-NACH-DR-Verf-charges-in-banks,,,,,,
CRYOVIVA BIOTECH PVT,https://cryoviva.in/about-us/,,,,,,
CSLFINANCELIMITED,http://www.cslfinance.in/,,,,,,
CSLFINANCELTDDELHI,http://www.cslfinance.in/,,,,,,
CTBMWFINLE,http://bmwfans.info/,,,,,,
CTBMWFINLT,https://www.randywisechevy.com/VehicleSearchResults?search=used&make=BMW,,,,,,
CTCFILGCGL,https://hindi.news18.com/news/career/ssc-cgl-2017-exam-result-to-be-declared-soon-supreme-court-directs-commission-to-declare-ssc-2017-results-1973821.html,,,,,,
CTCHOLASEE,http://people.hsc.edu/faculty-staff/edevlin/edsweb01/respiration.htm,,,,,,
CTCITICORE,http://citicore.com/,,,,,,
CTCITILOAE,https://www.ctc-tiles.co.uk/,,,,,,
CTCITILOAN,https://www.online.citibank.co.in/products-services/loans/ready-cash-personal-loan.htm,,,,,,
CTCORDLHDF,https://www.thebalance.com/what-does-ach-stand-for-315226,,,,,,
CTDAIMLFIE,,,,,,,
CTDAIMLFIN,http://www.uimn.org/employers/wages-taxes/reports-payments/ach-debit.jsp,,,,,,
CTEDELHOUE,,,,,,,
CTEDELHOUS,https://www.edelweisshousingfin.com/,,,,,,
CTFORDRETA,https://www.fsstech.com/nach,,,,,,
CTGCGLOANE,https://allslide.net/optransactionhistory06-07-2017,,,,,,
CTGCGLOANS,https://www.scribd.com/document/354132484/OpTransactionHistory06-07-2017,,,,,,
CTHDFCSLIF,https://cp.hdfclife.com/CPWeb/login.aspx?GP_F=GP_Login,,,,,,
CTHEROCORP,https://www.herofincorp.com/,,,,,,
CTHEROFINC,https://www.quora.com/What-are-NACH-DR-Verf-charges-in-banks,,,,,,
CTJOHNDEER,https://www.facebook.com/CTIJohnDeere/,,,,,,
CTRELIANEE,,,,,,,
CTSHRIRAMH,http://www.shriramcapital.com/,,,,,,
CTTATAAIAL,http://tataaia.com/pdf/customer-service/NACH%20form.pdf,,,,,,
CTVMFINANC,https://www.ctvnews.ca/business,,,,,,
CTVMFINANE,https://www.investopedia.com/terms/a/ach.asp,,,,,,
DAV Pitampura,http://www.dldavpp.com/,,,,,,
DAV Vikaspuri,http://vvdav.org/,,,,,,
DAVNURSERYSCHOOL,http://davnurseryschool.org/,,,,,,
DCBBANKLTCRAD,https://www.dcbbank.com/cms/showpage/page/dcb-payless-card,,,,,,
DeLageLandenFinancia,https://twitter.com/delagelandenfin,,,,,,
DELHI FIN CORPN,http://delhi.gov.in/wps/wcm/connect/DoIT_DFC/dfc/home,,,,,,
DELHI GYMKHANA CLUB,https://delhigymkhana.org.in/,,,,,,
DELHICOOPOPHOFICORLD,,,,,,,
DELICIAFOODS,http://deliciafoods.net/,,,,,,
DEUTSCHE BANK,https://www.db.com/company/index.htm,,,,,,
DEWAN HOUSING FINANC,https://www.dhfl.com/,,,,,,
DHFLPramericaLifeIns,https://www.dhflpramerica.com/,,,,,,
DIRECTBANKINGDEPT,https://en.wikipedia.org/wiki/Direct_bank,,,,,,
DIVITAE TECHNOLOGY P,https://www.zaubacorp.com/company/DIVITAE-TECHNOLOGY-PRIVATE-LIMITED/U72300DL2014PTC274063,,,,,,
DL DAV MODEL SCHOOL,http://www.dldavpp.com/,,,,,,
DMI FINANCE PRIVATE,https://www.dmifinance.in/,,,,,,
DMIHousingFinancePvt,http://www.dmihousingfinance.in/,,,,,,
DOONHATCHERIESLTD,https://www.naukri.com/doon-hatcheries-ltd-recruiters,,,,,,
DREAM GIRL FOUNDATIO,https://dreamgirlfoundation.ngo/,,,,,,
DRIVEHIMALAYANTHDVLP,,,,,,,
DROOM TECHNOLOGY,https://droom.in/career,,,,,,
DSPBR CAMS,http://dspblackrock.com/about-us/contact-us/contact-us,,,,,,
DSSVAS,http://dssvas.org/,,,,,,
ECL FINANCE LTD,https://www.hdfcsec.com/ecl-finance-limited-ncd,,,,,,
EDELWEISS TOKIO LIFE,https://www.edelweisstokio.in/,,,,,,
EDELWEISSRETAILFINLT,https://www.edelweissretailfin.com/edelweiss.m.rf/AboutUs,,,,,,
EDUNETWORKPVTLTD,https://www.rentomojo.com/about/aboutus,,,,,,
ElectronicaFinanceLt,https://www.efl.co.in/,,,,,,
EMI Collection for D,https://www.nelito.com/lending-solutions/collections-recovery.html,,,,,,
EMI Collection for F,https://www.nelito.com/lending-solutions/collections-recovery.html,,,,,,
EMI Collection for J,https://www.nelito.com/lending-solutions/collections-recovery.html,,,,,,
EMI FOR ,https://www.paisabazaar.com/emi-calculator/,,,,,,
EMI OF H ,https://hpromise.hyundai.co.in/footer/emi-calculator,,,,,,
EMI OF M ,https://www.paisabazaar.com/emi-calculator/,,,,,,
EquitableRetailAdvan,,,,,,,
EQUITASFINANCEPVTLD,https://www.equitasbank.com/,,,,,,
EQUITASFINPLDRETAIL,https://www.equitasbank.com/,,,,,,
ESSEL FINANCE BUSINE,https://www.esselfinance.com/,,,,,,
ESSELFINANCEBUSINESS,https://www.esselfinance.com/,,,,,,
ESSKAYFINCORPLTD,http://www.skfin.in/index.php,,,,,,
ETYACOL TECHNOLOGIES,https://etyacol.com/,,,,,,
EZETAP MOBILE SOLUTI,https://www.ezetap.com/,,,,,,
federal bank ltd,https://www.federalbank.co.in/,,,,,,
Financia,https://www.financia.com.au/,,,,,,
FINO FINANCE,http://www.finofinance.in/,,,,,,
Fullerton India Cred,https://www.fullertonindia.com/,,,,,,
FULLERTONINDCREDITCL,https://www.fullertonindia.com/,,,,,,
FulllertonIndiaCredi,https://www.fullertonindia.com/,,,,,,
FUNNFOODPRIVATELTD,https://www.justdial.com/Delhi/Fun-Foods-Pvt-Ltd-Near-Apra-Auto-Pvt-Ltd-Okhla-Industrial-Area-Phase-1/011PK036385_BZDET,,,,,,
Future Generali Indi,https://general.futuregenerali.in/,,,,,,
FUTUREGEINLIFINSCOLD,https://www.consumercomplaints.in/hdfc-bank-sms-from-bank-regarding-mandated-to-future-generali-lifinscold-c1926286,,,,,,
FutureGeneraliIndiaL,https://general.futuregenerali.in/,,,,,,
FUTUREGENERALIINDLIF,https://life.futuregenerali.in/,,,,,,
FutureGeneralli,https://general.futuregenerali.in/,,,,,,
GANESHLEASFINPVTLTD,https://www.ganeshleasfin.com/,,,,,,
GARDEN HIGH SCHOOL,https://www.gardenhighschool.in/,,,,,,
GETCLARITY FINTECH S,https://www.zaubacorp.com/company/GETCLARITY-FINTECH-SERVICES-PRIVATE-LIMITED/U74120MH2015PTC269453,,,,,,
GIC HOUSING FINANCE,http://www.gichfindia.com/,,,,,,
GICHOUSINGFINLTD,https://in.linkedin.com/in/ullhas-naik-1761b964,,,,,,
GLOBECAPITALMARKETLI,https://www.globecapital.com/,,,,,,
GREENPEACE ENVIRONME,https://www.greenpeace.org/international/explore/,,,,,,
GREENPEACEENVIRONMEN,https://www.greenpeace.org/india/en/,,,,,,
GRUH Finance Ltd ,https://www.gruh.com/,,,,,,
HDBFINANCIALSERLTD,https://www.hdbfs.com/,,,,,,
HDBFinancialServices,https://www.hdbfs.com/,,,,,,
HDFC BANK LIMITED,https://www.hdfcbank.com/,,,,,,
HDFC consumer durabl,https://www.hdfcbank.com/personal/products/loans/easyemi/easy-emis-on-consumer-durables/loan-emi,,,,,,
HDFCBANKLIMITED,https://www.hdfcbank.com/,,,,,,
hdfclife,https://www.hdfclife.com/,,,,,,
HDFCLIMITED,https://www.hdfc.com/,,,,,,
HDFCLTD,https://www.hdfc.com/,,,,,,
HDFCMF,https://www.hdfcfund.com/,,,,,,
HDFCMF CAMS,https://mycams.camsonline.com/,,,,,,
HDFCMUTUALFUND,https://www.hdfcfund.com/,,,,,,
HDFCStandardLifeInsu,https://www.hdfclife.com/,,,,,,
HEALTH CARE FINANCE,http://nhsrcindia.org/healthcare-financing,,,,,,
HERO FINCORP,https://www.herofincorp.com/,,,,,,
HERO FINCORP LTD,https://www.herofincorp.com/,,,,,,
HERO HOUSING FINANCE,https://www.herohousingfinance.com/,,,,,,
HEROFC CAMS,https://www.camsonline.com/pdfdocuments/CAMS_COTM_application_form-individual.pdf,,,,,,
HEROFINCORPLIMITED,https://www.herofincorp.com/,,,,,,
HeroFincorpLimitedDe,https://www.herofincorp.com/,,,,,,
HeroFincorpLimitedRe,https://www.indeed.co.in/cmp/Hero-Fincorp/reviews,,,,,,
HeroFincorpLtd,https://www.herofincorp.com/,,,,,,
HINDUJAHOUSINGFINANC,http://hindujahousingfinance.com/,,,,,,
HINDUJALEYLANDFINANC,http://hindujaleylandfinance.com/,,,,,,
Hindustan Unilever L,https://en.wikipedia.org/wiki/Hindustan_Unilever,,,,,,
Home Credit,https://www.homecredit.co.in/,,,,,,
HOMECREDITINDIAFINAN,https://www.homecredit.co.in/,,,,,,
HOMECRINDFINPVTLTD,https://www.homecredit.co.in/,,,,,,
HOUSINGDVFINCLT,https://www.fsstech.com/nach,,,,,,
HSBCCARDSANDLOANSBUS,https://www.hsbc.co.in/help/faqs/personal-loans/,,,,,,
ICICI LIMITED,https://www.icicibank.com/,,,,,,
ICICI NACH DR ,https://www.icicibank.com/business-banking/cash-management-services/advanced-solutions.page,,,,,,
ICIPRU CAMS,https://www.icicipruamc.com/,,,,,,
IDBI Bank Ltd ,https://m.idbibank.com/,,,,,,
IDFCMF CAMS,https://www.idfcmf.com/,,,,,,
IFAST FINANCIAL INDI,https://www.ifastfinancial.co.in/ifast/home/clientLogin.tpl,,,,,,
IINACH SBI Loan EMI,https://www.sbi.co.in/portal/web/home/emi-calculator,,,,,,
IKTARA INFOMEDIA NET,https://www.infomedia.com.au/,,,,,,
INCRED FINANCIAL SER,https://www.incred.com/,,,,,,
INDBULLSHOUFINLTD,,,,,,,
INDIA BULLS HOUSING,https://www.indiabullshomeloans.com/,,,,,,
India Shelter Financ,https://www.indiashelter.in/,,,,,,
INDIABULLS COMMERCIA,http://www.indiabullscommercialcredit.com/,,,,,,
INDIABULLS HOUSING F,https://www.moneycontrol.com/india/stockpricequote/finance-housing/indiabullshousingfinance/IHF01,,,,,,
IndiaInfolineLimited,https://www.indiainfoline.com/,,,,,,
INDIAMART INTERMESH,https://careers.indiamart.com/,,,,,,
INDIAN BANK,https://www.indianbank.net.in/,,,,,,
Indian Overseas Bank,https://www.iob.in/,,,,,,
INDIANCLRCORPLTD,https://www.icclindia.com/,,,,,,
IndiaShelterFinance,https://www.indiashelter.in/,,,,,,
INDINFFINLTD,https://www.indiainfoline.com/contactus,,,,,,
INDINFHOUFINCOMLTD,https://www.thebalance.com/what-does-ach-stand-for-315226,,,,,,
INDUSEASYFUNDS,,,,,,,
INDUSIND BANK CFD,http://www.indusind.com/careers/consumer-finance-division.html,,,,,,
INDUSIND BANK LIMITE,https://www.indusind.com/,,,,,,
INVESCOMUTUALFUND,https://invest.invescomutualfund.com/,,,,,,
ISKCON,http://www.iskcon.org/,,,,,,
ISKCONGhaziabad,http://iskconghaziabad.com/,,,,,,
IVL FINANCE LIMITED,http://www.indiabullsventures.com/about-us/overview/,,,,,,
IVL Finance Ltd,http://www.indiabullsventures.com/about-us/overview/,,,,,,
JOHALINVESTMENTSLTD,https://www.justdial.com/Delhi/Johal-Investments-Ltd-Janakpuri-District-Centre/011PXX11-XX11-131107172753-V1D3_BZDET,,,,,,
JPMMF CAMS,https://www.newspapers.com/newspage/79213076/,,,,,,
JUMBOFINVESTINDIALIM,https://jumbofin.com/,,,,,,
KANGRA CO OP BANK,https://www.kangrabank.com/,,,,,,
KARNATAKA BANK LTD,https://karnatakabank.com/,,,,,,
KARRM BRAHMAAND,https://www.proptiger.com/mumbai/palghar/karrm-infrastructure-brahmaand-1582388,,,,,,
KARVY COMPUTERSHARE,https://www.karvyfintech.com/,,,,,,
KARVY STOCK BROKING,https://www.karvy.com/online-trading/,,,,,,
KERALA GRAMIN BANK,https://www.keralagbank.com/,,,,,,
KIFSHOUSINGFINANCEPV,https://www.kifshousing.com/,,,,,,
KJSB,http://www.kalyanjanata.in/tc.php?i=r,,,,,,
KKBK ,https://www.kotak.com/en.html,,,,,,
KMBLDRAOPERATIONS,https://www.kotak.com/en/personal-banking/payments/loan.html,,,,,,
KMGLOBALCREDITPVTLTD,https://www.zaubacorp.com/company/K-M-GLOBAL-CREDIT-PRIVATE-LIMITED/U65999MH2018PTC308921,,,,,,
KOGTAFINANCIALINDIA,https://www.kogta.in/,,,,,,
KOGTAFINANCIALINDIAL,https://www.kogta.in/,,,,,,
KOTAK LIFE INSURANCE,https://insurance.kotak.com/,,,,,,
KOTAKMAHPRIMELTKKBK,https://www.fsstech.com/nach,,,,,,
KOTAKMF CAMS,https://assetmanagement.kotak.com/cams-transaction-points,,,,,,
L T CAMS,http://www.cammotion.com/,,,,,,
L TFINANCELIMITED,https://www.ltfs.com/,,,,,,
L THOUSINGFINANCELTD,https://www.justdial.com/Lucknow/L-T-Housing-Finance-Ltd-Near-Boothnath-Indira-Nagar/0522PX522-X522-160402140043-T9Y3_BZDET,,,,,,
LAXINDFINLEASECAP,http://www.lifc.co.in/,,,,,,
LBPUBDISPVLTD,https://in.linkedin.com/company/lbp-uk-ltd,,,,,,
LENDINGKART FINANCE,https://www.lendingkart.com/,,,,,,
LIC ,https://www.licindia.in/,,,,,,
LIC HOUSING FINANCE,https://customer.lichousing.com/,,,,,,
LIC OF INDIA,https://www.licindia.in/,,,,,,
LICHFC ,https://customer.lichousing.com/,,,,,,
LICHOUSINGFINLTD,https://www.lichousing.com/home_loan.php,,,,,,
LICNOMURA,https://www.licmf.com/,,,,,,
LITTLEANGESLSMONTSCH,https://www.firstcry.com/little-angels/little-angels-sleeveless-reversible-front-open-sweater-cream/2205057/product-detail,,,,,,
LITTLEANGSRSECONDSCH,http://afine-toothcomb.blogspot.com/2017/09/workwear-101-first-impressions-red-wing.html,,,,,,
LOANDEPARTMENT,https://www.indeed.co.in/Loan-Department-jobs,,,,,,
LOANDEPTCENPAHUUTBI,,,,,,,
LOHIA SERVICES,https://www.justdial.com/Delhi/Lohia-Services-Near-Corporation-Bank-Ghitorni/011PXX11-XX11-150121161525-I1E5_BZDET,,,,,,
LORDFINCAPLTD,https://www.justdial.com/Delhi/Lord-Fincap-Ltd-Near-Radha-Kishan-Mandir-Kailash-Colony/011PXX11-XX11-120627190205-J8H2_BZDET,,,,,,
LORDKRISHNAFINANCIAL,https://prestloans.com/Contact,,,,,,
LOTNO ,https://www.youtube.com/watch?v=61Q6sqo33XM,,,,,,
LOTUS SREE FILCO PRI,https://economictimes.indiatimes.com/company/lotus-sree-filco-private-limited-/U65910PN1996PTC101188,,,,,,
MAGMAFINCORPLIMITED,https://magma.co.in/,,,,,,
MAGNETO HOME PRIVATE,https://www.bloomberg.com/research/stocks/private/snapshot.asp?privcapid=320287673,,,,,,
MAHIHOLRESINDLTD,https://www.consumercomplaints.in/club-mahindra-holidays-cancellation-of-club-mahindra-membership-and-refund-of-amount-c1922185,,,,,,
MAHINAMAHINFINSERLD,,,,,,,
MAHINDRA HOLIDAYS AN,http://www.clubmahindra.com/,,,,,,
MahindraandMahindraF,https://www.mahindrafinance.com/,,,,,,
MAHINDRAFINANCE,https://www.mahindrafinance.com/,,,,,,
MAHINDRAFINSERVLTD,https://www.mahindrafinance.com/,,,,,,
MahindraMF ,https://www.mahindramutualfund.com/,,,,,,
MahindraRuralHousing,https://www.mahindrahomefinance.com/,,,,,,
MAHNIMAHINFINSERLD,,,,,,,
MANIBHAVNAMHOMEFINAN,https://www.manibhavnam.com/,,,,,,
MANPFINLTD,https://www.quora.com/What-is-the-meaning-of-this-sentence-Mandate-Registration-UMRN-SBIN0000000020588800-for-Rs-43-000-00-issued-to-HDFC-BANK-LIMITED-received-today-In-case-of-any-issues-pls-contact-branch,,,,,,
MaxBupaHealthInsuran,https://www.maxbupa.com/,,,,,,
MaxLife,https://www.maxlifeinsurance.com/,,,,,,
METROCITYFINANCE,https://www.zaubacorp.com/company/METROCITY-FINANCE-PRIVATE-LIMITED/U65993RJ2015PTC047376,,,,,,
MIRAEMF,https://www.miraeassetmf.co.in/,,,,,,
MONEXO FINTECH PRIVA,https://www.monexo.co/in/,,,,,,
MONEYPLUSFINANCIALSE,https://moneyplusfin.com/,,,,,,
MONEYWISEFINANCIALSE,https://www.smcfinance.com/,,,,,,
MotilalOswalSecuriti,https://www.motilaloswal.com/,,,,,,
MSF INDIA,https://www.msfindia.in/,,,,,,
MSSINGHFINLEASEPVTLT,https://www.zaubacorp.com/company/SINGH-FINLEASE-PRIVATE-LIMITED/U74899DL1993PTC056542,,,,,,
MSSUPREMEHOUSINGFINA,https://economictimes.indiatimes.com/sahara-housingfina-corporation-ltd/stocks/companyid-9087.cms,,,,,,
MTNL Delhi,http://mtnldelhi.in/,,,,,,
MUTHFIN CAMS,https://www.muthootfincorp.com/product-services/emi-gold-loan,,,,,,
MUTHOOT CAMS,https://muthoot.com/,,,,,,
MUTHOOT CAPITAL SERV,https://muthootcap.com/,,,,,,
MUTHOOT HOMEFIN INDI,https://www.muthoothomefin.com/,,,,,,
MUTHOOT HOUSING FINA,https://www.muthoothousing.com/,,,,,,
MUTHOOTFINCORPLTD,https://www.muthootfincorp.com/,,,,,,
NATIONALORGANISATION,https://www.nationalngo.org/,,,,,,
NATIONALSECURITIESCL,https://www.nscclindia.com/,,,,,,
Navarathna Financial,http://www.navarathnafinance.com/,,,,,,
NDX P P PRIVATE LIMI,http://my.monsterindia.com/comp-340307-ndx-p2p-private-limited-recruiters.html,,,,,,
NEEV CREDIT PVT LTD,https://www.neevfinance.com/about-us/,,,,,,
NEOGROWTH CREDIT PVT,https://www.neogrowth.in/,,,,,,
NESTAWAY TECHNOLOGIE,https://www.nestaway.com/,,,,,,
NEWHABITATHOUSINGFIN,http://newhabitat.in/nhhfdl/,,,,,,
NIKONFINLEASEPVTLTD,https://www.justdial.com/Delhi/Nikon-Finlease-Pvt-Ltd-Near-Delite-Cinema-Asaf-Ali-Road/011PXX11-XX11-170103112016-C8J8_BZDET,,,,,,
NISSANRENLTFSINPLD,https://www.bemoneyaware.com/blog/nach-what-is-nach-nach-otm-how-nach-will-replace-ecs/,,,,,,
NJINDIAINVESTPVT,http://www.njgroup.in/,,,,,,
NJINDIAINVESTPVTLTD,http://www.njgroup.in/,,,,,,
NSBI CCPC,https://banksifsccode.com/state-bank-of-india-ifsc-code/karnataka/dakshina-kannada/panambur-branch/,,,,,,
NSEMFS CAMS,https://www.nsenmf.com/,,,,,,
OFFICERS MESS FUND A,https://en.wikipedia.org/wiki/Mess,,,,,,
OHEALERHEALTHCARESER,,,,,,,
OMMBS,https://apobmms.cgg.gov.in/,,,,,,
ORIENTAL BANK OF COM,https://www.obconline.co.in/,,,,,,
OVINGTONFINANCE,https://www.ovingtonfinance.com/,,,,,,
OVINGTONFINANCEPVTLT,https://www.ovingtonfinance.com/,,,,,,
Oxfam India,https://www.oxfamindia.org/,,,,,,
PARIKA INVESTMENTS P,https://connect2india.com/PARIKA-INVESTMENTS-PRIVATE-LIMITED/1996965,,,,,,
PayU Payments Privat,https://www.payubiz.in/contact,,,,,,
PERFECT CAPITAL SERV,https://www.indiamart.com/perfect-capital-service/,,,,,,
PERFECT FINSEC PVT L,https://connect2india.com/PERFECT-FINSEC-PRIVATE-LIMITED/2011292,,,,,,
PFRDA CAMS,http://www.npstrust.org.in/,,,,,,
PHOENIX ENTERPRISES,https://www.phoenixenterprises.biz/,,,,,,
PINELABSPRIVATELTD,https://www.pinelabs.com/,,,,,,
PIRAMAL HSG FIN L,http://www.piramal.com/business/enterprises/financial-services/piramal-capital-housing-finance-limited,,,,,,
PLAN INTERNATIONAL ,https://plan-international.org/,,,,,,
PMINTERNATIONALINDIA,https://www.pm-international.com/in/,,,,,,
PNBHousingFinanceLtd,https://www.pnbhousing.com/,,,,,,
PNBMETLIFEINDINSCO,https://www.pnbmetlife.com/other-disclosure/public-notice.html,,,,,,
POOJA FINELEASE LTD ,https://www.zaubacorp.com/company/POOJA-FINELEASE-LIMITED/U74899DL1995PLC064213,,,,,,
PPFAS CAMS,https://amc.ppfas.com/investor-desk/pick-up-services/index.php,,,,,,
PRERANA CO OP BANK,http://preranabank.com/,,,,,,
PROSPER HOUSING FINA,http://www.prosperhousingfinance.com/,,,,,,
PunjabKashmirFinance,http://pkffinance.com/,,,,,,
Q FACTOR FINANCE AND,https://www.zaubacorp.com/company/Q-FACTOR-FINANCE-AND-INVESTMENTS-PRIVATE-LIMITED-/U74899DL1990PTC039476,,,,,,
RAASAFFORDBLHOUSING,http://rahfil.careersitemanager.com/,,,,,,
RACPC KOL SBI,http://bankcontact.in/sbi/4490.html,,,,,,
RACPC VADODARA,https://bankifsccode.com/STATE_BANK_OF_INDIA/GUJARAT/VADODARA_/RACPC_BARODA,,,,,,
RADHASILKEMPORIUM,https://www.rasisilks.com/,,,,,,
Railway India Childr,https://www.railwaychildren.org.uk/what-we-do/our-work-in-india/,,,,,,
RAINBOW DIGITAL SERV,https://www.zaubacorp.com/company/RAINBOW-DIGITAL-SERVICES-PVT-LTD/U74140WB1991PTC052333,,,,,,
RamtirthLeasingandFi,https://arogyafinance.com/,,,,,,
RASMECC TIUPATI,https://www.ifscswiftcodes.com/State-Bank-of-India-(SBI)-IFSC-Code/Andhra-Pradesh/Chittoor/Rasecc-Tirupati.htm,,,,,,
RAZORPAY,https://razorpay.com/,,,,,,
RBMONEYFINANCIALSERV,http://rbmoney.in/,,,,,,
Realigarehousingdevl,,,,,,,
REELABSPRIVATELIMITE,https://www.reelabs.com/,,,,,,
RELIANCE GENERAL INS,https://www.reliancegeneral.co.in/Insurance/Home.aspx,,,,,,
RELIANCE HOME FINANC,https://www.reliancehomefinance.com/,,,,,,
RelianceCapitalLtd,http://www.reliancecapital.co.in/,,,,,,
RELIANCECAPLTDCFDIV,http://www.reliancecapital.co.in/,,,,,,
RelianceCommercialFi,https://www.reliancemoney.co.in/,,,,,,
RELIANCEJIOINFOCOMML,https://twitter.com/hashtag/reliancejioinfocom?src=hash,,,,,,
RELIANCELIFEINSCOM,https://www.reliancenipponlife.com/,,,,,,
RelianceRetailLimite,https://relianceretail.com/,,,,,,
RELIANCERETAILLTD,https://relianceretail.com/,,,,,,
RELIGARE HEALTH INSU,https://www.religarehealthinsurance.com/,,,,,,
Religare Securities,http://www.religareonline.com/,,,,,,
RELIGAREHOUSINGDEVEL,https://www.religarehomeloans.com/,,,,,,
RELIGAREHOUSINGDEVFI,https://www.religarehomeloans.com/,,,,,,
REPCO HOME FINANCE L,http://www.repcohome.com/,,,,,,
RETAILASSETDEPTOFRBL,https://www.rblbank.com/api/v1/doc/document/footer-retail-asset/terms-retail-assets.pdf,,,,,,
RETAILASSTOPSIDFB,,,,,,,
RETASSTOPIDFB,https://www.justdial.com/Kanpur/RH-Enterprises-Bara-Devi/0512PX512-X512-170603150429-A8K7_BZDET,,,,,,
RH ENTERPRISES,https://www.justdial.com/Meerut/Rivaz-Finance-Limited-Begum-Bridge/9999PX121-X121-101022181432-A1J9DC_BZDET,,,,,,
RIVAZ FINANCE LIMITE,https://www.zaubacorp.com/company/RIVIERA-INVESTORS-PRIVATE-LIMITED/U65923HR1980PTC069400,,,,,,
RivieraInvestorsPLtd,https://www.tradeindia.com/fp873674/Gold-Chain.html,,,,,,
RMGOLD CAMS,https://www.i2ifunding.com/privacy-policy,,,,,,
RNVP TECHNOLOGY PVT,http://www.rohahousing.com/,,,,,,
RohaHousingFinancePr,https://aadharhousing.com/,,,,,,
AADHAR HOUSING FINAN ,https://aamaadmiparty.org/,,,,,,
AAMAADMIPARTY ,https://www.abhipra.com/,,,,,,
ABHIPRA CAPITAL LTD ,http://adarshcredit.in/,,,,,,
ADARSHCREDITCOOPLTD ,http://adarshcredit.in/whats-new/,,,,,,
ADARSHSAHIYOGCOOPTHR ,https://abfl.adityabirlacapital.com/Pages/Individual/About-Us/Company-Profile.aspx,,,,,,
ADITY BIRLA FINANCE ,https://homefinance.adityabirlacapital.com/,,,,,,
ADITYA BIRLA HOUSING ,,,,,,,
ADITYABIRLAHOSFINLTD ,,,,,,,
AEGOLIFINSCOMPLTD ,,,,,,,
AKAANKSHACREDITLEASE ,https://www.zaubacorp.com/company/AKANSHA-FINANCE-AND-LEASING-COMPANY-PRIVATE-LIMITED/U65910GJ1992PTC018391,,,,,,
AKARA CAPITAL ADVISO ,https://www.zaubacorp.com/company/AKARA-CAPITAL-ADVISORS-PRIVATE-LIMITED/U74110DL2016PTC290970,,,,,,
AkaraCapitalAdvisors ,https://www.zaubacorp.com/company/AKARA-CAPITAL-ADVISORS-PRIVATE-LIMITED/U74110DL2016PTC290970,,,,,,
ALLAHABAD BANK ,https://www.allahabadbank.in/,,,,,,
ALLAHABADBANKLNRP ,https://www.allahabadbank.in/,,,,,,
ALLAHABADBANKUTBP ,https://www.sulekha.com/itbp-exam-coaching/allahabad,,,,,,
American Express Ban ,https://www.americanexpress.com/in/,,,,,,
ANAND RATHI GLOBAL F ,https://www.rathi.com/,,,,,,
ANKUR TRADE LINKS PV ,https://www.justdial.com/Delhi/Ankur-Trade-Links-Pvt-Ltd-Mini-Market-Yusuf-Sarai-Green-Park/011PXX11-XX11-171221060535-J5N3_BZDET,,,,,,
ARTHOUSING ,https://www.arthfc.com/,,,,,,
Au Financiers I Ltd ,https://en.wikipedia.org/wiki/AU_Small_Finance_Bank,,,,,,
AU FINANCIERS INDIA ,https://www.aubank.in/,,,,,,
AU SMALL BANK ,https://www.aubank.in/,,,,,,
AU SMALL FINANCE BAN ,https://www.aubank.in/,,,,,,
AUFINANCIERS ,https://www.aubank.in/,,,,,,
AUHOUSINGFINANCELTD ,https://www.aavas.in/,,,,,,
AUSFB Consumer Durab ,https://www.aubank.in/legal/disclaimer,,,,,,
AVANSE FINANCIAL SER ,https://avanse.com/,,,,,,
AVIVA LIFE INSURANCE ,https://www.avivaindia.com/,,,,,,
AVIVALIFEINSURANCE ,https://www.avivaindia.com/,,,,,,
AXISMF ,https://www.axismf.com/,,,,,,
AYEFINANCEPVTLTD ,http://www.ayefin.com/,,,,,,
BAJAJ FINANCE LTD ,https://www.bajajfinserv.in/corporate-bajaj-finance,,,,,,
BAJAJCAPITALLTD ,https://www.bajajcapital.com/,,,,,,
BAJRANGINVPLTD ,https://www.youtube.com/watch?v=nqwPy2TgXp4,,,,,,
BARB ,https://dictionary.cambridge.org/dictionary/english/barb,,,,,,
BD BajajFinance ,https://www.bajajfinserv.in/emi-network-camera-on-emi,,,,,,
BD Banayan Tree ,http://bd.banyantree.com/,,,,,,
BD BNP PARIBAS MF ,https://www.bnpparibasmf.in/,,,,,,
BD BSE ,https://www.moneycontrol.com/india/stockpricequote/glass-glass-products/bdindustries/BDI01,,,,,,
BD BSE Limited ,https://www.moneycontrol.com/india/stockpricequote/miscellaneous/bselimited/B08,,,,,,
BD Camden ,https://zestmoney.in/contact/,,,,,,
BD CRYNACH ,https://www.bankdirect.com/pdf/bd_electronic_funds_transfer_05_06.pdf,,,,,,
BD DCB Bank ,https://www.dcbbank.com/,,,,,,
BD FranklinTempleton ,https://www.franklintempletonindia.com/investor/fund-details/fund-historicalnavs/franklin-india-ultra-short-bond-fund-12119,,,,,,
BD ICICI Merchant ,https://www.icicibank.com/Personal-Banking/cards/debit-card/debit-cards/merchant-services.page,,,,,,
BD IDBIFDLI ,https://www.bb.org.bd/aboutus/regulationguideline/beftn_operatingrules.pdf,,,,,,
BD IndusindBankLoan ,https://www.indusind.com/business/special-services/business-loans/business-loans.html,,,,,,
BD INTEGRATED SECUR ,http://www.issslbd.com/,,,,,,
BD InvescoMF ,https://www.fundsindia.com/a/invesco-mutual-funds,,,,,,
BD KOTAK MF ,https://assetmanagement.kotak.com/,,,,,,
BD Kotak MF OTM ,https://assetmanagement.kotak.com/,,,,,,
BD LNT MF ,http://www.ltfs.com/companies/lnt-investment-management/lnt-mutual-fund.html,,,,,,
BD MF Utilities ,https://www.mfuindia.com/,,,,,,
BD MF Utilities Lump ,https://www.mfuindia.com/,,,,,,
BD MFA Wealth Soluti ,https://www.myfinad.com/about-us.php,,,,,,
BD MIRAE Mutual Fun ,https://www.miraeassetmf.co.in/,,,,,,
BD NACH PaySense ,https://www.gopaysense.com/contact-us/,,,,,,
BD PayTM Money ,https://www.quora.com/Can-I-use-Paytm-from-Bangladesh,,,,,,
BD PaytmMoney ,https://m.economictimes.com/small-biz/startups/newsbuzz/paytm-money-app-for-mutual-funds-heres-everything-you-need-to-know/videoshow/65690552.cms,,,,,,
BD QUANTUM MF ,https://www.quantumamc.com/,,,,,,
BD SAVE BRB ,https://www.savethechildren.in/about-us/contact-us,,,,,,
BD SBI Life ,https://mypolicy.sbilife.co.in/E-Statement/PremiumCertificate.aspx,,,,,,
BD Sundaram MF ,https://www.sundarammutual.com/,,,,,,
BD TATA MF ,http://www.tatamutualfund.com/,,,,,,
BD WATERAID ,https://www.wateraid.org/bd/,,,,,,
BDACH CHSBCOBCLICB ,https://www.facebook.com/beachclub974/,,,,,,
BDACH ILFSB ,https://www.consumercomplaints.in/united-bank-of-india-ubi-amount-debited-unknowingly-c1593155,,,,,,
BDACH ORIXINDB ,https://www.scribd.com/document/375445055/4991XXXXXXXXX816013-12-2017,,,,,,
BDACH SBIELRCTVM ,https://ifsc.bankifsccode.com/SBIN0000941,,,,,,
BDACH STARUD ,https://www.pinterest.com/pin/480337116489333313/,,,,,,
BDACTIONAID ,https://www.facebook.com/1675054822612173/posts/action-aid-bangladesh-%E0%A6%8F%E0%A6%B0-%E0%A6%A8%E0%A6%BF%E0%A6%AE%E0%A7%8D%E0%A6%A8%E0%A6%B2%E0%A6%BF%E0%A6%96%E0%A6%BF%E0%A6%A4-%E0%A6%B6%E0%A7%82%E0%A6%A8%E0%A7%8D%E0%A6%AF-%E0%A6%AA%E0%A6%A6%E0%A6%B8%E0%A6%AE%E0%A7%82%E0%A6%B9-%E0%A7%A7-training-coordinator%E0%A7%A8-senior-/1676739115777077/,,,,,,
BDBYJUS ,http://gaydar-arcadia.com/carslist/plateseries/BD/BDBY/BDBYJ,,,,,,
BDDMINBFC ,https://www.dmifinance.in/,,,,,,
BDEarlySalary Repymt ,https://www.earlysalary.com/terms-conditions,,,,,,
BDJustDial ,http://www.uimn.org/employers/wages-taxes/reports-payments/ach-debit.jsp,,,,,,
BDRENTICKLE ,https://www.rentickle.com/,,,,,,
BEE SECURE HOME FINA ,https://www.incred.com/MITC.html,,,,,,
BESTCAPSERLTD ,https://hatstore.co.in/,,,,,,
BHANIX FINANCE AND I ,http://bhanixfinance.com/,,,,,,
BIRLAMF CAMS ,https://mutualfund.adityabirlacapital.com/location,,,,,,
BLUE JAY FINLEASE LI ,https://www.zaubacorp.com/company/BLUE-JAY-FINLEASE-LIMITED/U65910DL1996PLC083130,,,,,,
BLUEJAY FINLEASE LIM ,https://www.zaubacorp.com/company/BLUE-JAY-FINLEASE-LIMITED/U65910DL1996PLC083130,,,,,,
BUSINESSBANKOPS ,https://seekingalpha.com/news/2634995-fifth-third-names-senior-comerica-exec-its-next-coo,,,,,,
BUSSANAUTOFININDPLD ,https://www.thebalance.com/what-does-ach-stand-for-315226,,,,,,
CAMDEN TECHNOLOGIES ,https://zestmoney.in/contact/,,,,,,
CANFINHOMESLTD ,https://www.canfinhomes.com/,,,,,,
CAPFLOAT FINANCIAL S ,https://www.capitalfloat.com/company,,,,,,
CCPC NEW DELHI EMI ,http://www.banksandatm.com/sbi-bank-ccpc-cts-new-delhi-delhi/,,,,,,
CENT BANK HOME FINAN ,https://www.cbhfl.com/,,,,,,
CGCL ,http://www.moneycontrol.com/stocks/cptmarket/compsearchnew.php?search_str=INE180C01026,,,,,,
CHOLAMANDALAM INVEST ,http://www.cholamandalam.com/,,,,,,
Cholamandalaminvestm ,http://www.cholamandalam.com/,,,,,,
CITIBANK CREDITCARDS ,https://www.online.citibank.co.in/credit-card/credit-card.htm,,,,,,
CLIXCAPITALSERVICESP ,https://www.clix.capital/,,,,,,
CLIXCAPITALSERVPVTLT ,https://www.clix.capital/,,,,,,
CLIXHOUSINGFINANCEPV ,https://www.clix.capital/clix-housing/,,,,,,
CNRB ,https://www.canarabank.in/,,,,,,
CORPORATIONBANKHORLD ,http://joinindianarmy.nic.in/writereaddata/Portal/RallyResult/OpTransactionHistory11-03-2016.pdf,,,,,,
CREFINSERPLTD ,https://www.quora.com/What-are-NACH-DR-Verf-charges-in-banks,,,,,,
CTBMWFINLT ,https://www.autotrader.com/cars-for-sale/New+Cars/BMW/Flint+MI-48502,,,,,,
CTCITILOAN ,https://www.online.citibank.co.in/products-services/loans/ready-cash-personal-loan.htm,,,,,,
CTCORDLHDF ,https://www.thebalance.com/what-does-ach-stand-for-315226,,,,,,
CTDAIMLFIN ,http://www.uimn.org/employers/wages-taxes/reports-payments/ach-debit.jsp,,,,,,
CTEDELHOUS ,https://www.edelweisshousingfin.com/,,,,,,
CTFORDRETA ,https://www.fsstech.com/nach,,,,,,
CTGCGLOANS ,https://www.scribd.com/document/354132484/OpTransactionHistory06-07-2017,,,,,,
CTHEROCORP ,https://www.herofincorp.com/,,,,,,
CTHEROFINC ,https://www.quora.com/What-are-NACH-DR-Verf-charges-in-banks,,,,,,
CTJOHNDEER ,https://www.facebook.com/CTIJohnDeere/,,,,,,
CTTATAAIAL ,http://tataaia.com/pdf/customer-service/NACH%20form.pdf,,,,,,
CTVMFINANC ,https://www.ctvnews.ca/business,,,,,,
DAVNURSERYSCHOOL ,http://davnurseryschool.org/,,,,,,
DeLageLandenFinancia ,https://twitter.com/delagelandenfin,,,,,,
DELHI FIN CORPN ,http://delhi.gov.in/wps/wcm/connect/DoIT_DFC/dfc/home,,,,,,
DELICIAFOODS ,http://deliciafoods.net/,,,,,,
DEWAN HOUSING FINANC ,https://www.dhfl.com/,,,,,,
DHFLPramericaLifeIns ,https://www.dhflpramerica.com/,,,,,,
DIRECTBANKINGDEPT ,https://en.wikipedia.org/wiki/Direct_bank,,,,,,
DIVITAE TECHNOLOGY P ,https://www.zaubacorp.com/company/DIVITAE-TECHNOLOGY-PRIVATE-LIMITED/U72300DL2014PTC274063,,,,,,
DMI FINANCE PRIVATE ,https://www.dmifinance.in/,,,,,,
DMIHousingFinancePvt ,http://www.dmihousingfinance.in/,,,,,,
DOONHATCHERIESLTD ,https://www.naukri.com/doon-hatcheries-ltd-recruiters,,,,,,
DSPBR CAMS ,http://dspblackrock.com/about-us/contact-us/contact-us,,,,,,
DSSVAS ,http://dssvas.org/,,,,,,
ECL FINANCE LTD ,https://www.hdfcsec.com/ecl-finance-limited-ncd,,,,,,
EDELWEISS TOKIO LIFE ,https://www.edelweisstokio.in/,,,,,,
EDELWETOKLIFINSCOLTD ,,,,,,,
EDUNETWORKPVTLTD ,https://www.rentomojo.com/about/aboutus,,,,,,
EMI Collection for D ,https://www.nelito.com/lending-solutions/collections-recovery.html,,,,,,
EMI Collection for F ,https://www.nelito.com/lending-solutions/collections-recovery.html,,,,,,
EMI FOR ,https://www.paisabazaar.com/emi-calculator/,,,,,,
EquitableRetailAdvan ,,,,,,,
EQUITASFINANCEPVTLD ,https://www.equitasbank.com/,,,,,,
EQUITASFINPLDRETAIL ,https://www.equitasbank.com/,,,,,,
ESSEL FINANCE BUSINE ,https://www.esselfinance.com/,,,,,,
ESSELFINANCEBUSINESS ,https://www.esselfinance.com/,,,,,,
ESSKAYAUTOFINPLT ,https://www.skfin.in/index.php,,,,,,
federal bank ltd ,https://www.federalbank.co.in/,,,,,,
FINO FINANCE ,http://www.finofinance.in/,,,,,,
Fullerton India Cred ,https://www.fullertonindia.com/,,,,,,
FULLERTONINDCREDITCL ,https://www.fullertonindia.com/,,,,,,
FulllertonIndiaCredi ,https://www.fullertonindia.com/,,,,,,
FUNNFOODPRIVATELTD ,https://www.justdial.com/Delhi/Fun-Foods-Pvt-Ltd-Near-Apra-Auto-Pvt-Ltd-Okhla-Industrial-Area-Phase-1/011PK036385_BZDET,,,,,,
Future Generali Indi ,https://general.futuregenerali.in/,,,,,,
FUTUREGEINLIFINSCOLD ,https://www.consumercomplaints.in/hdfc-bank-sms-from-bank-regarding-mandated-to-future-generali-lifinscold-c1926286,,,,,,
FUTUREGENERALIINDIAI ,https://general.futuregenerali.in/,,,,,,
FutureGeneralli ,https://general.futuregenerali.in/,,,,,,
GETCLARITY FINTECH S ,https://www.zaubacorp.com/company/GETCLARITY-FINTECH-SERVICES-PRIVATE-LIMITED/U74120MH2015PTC269453,,,,,,
GIC HOUSING FINANCE ,http://www.gichfindia.com/,,,,,,
GICHOUSINGFINLTD ,https://in.linkedin.com/in/ullhas-naik-1761b964,,,,,,
GODDARDTECHNICALSOLU ,https://www.tofler.in/goddard-technical-solutions-private-limited/company/U74999KA2016PTC098506,,,,,,
HDBFINANCIALSERLTD ,https://www.hdbfs.com/,,,,,,
HDFC BANK LIMITED ,https://www.hdfcbank.com/,,,,,,
HDFC consumer durabl ,https://www.hdfcbank.com/personal/products/loans/easyemi/easy-emis-on-consumer-durables/loan-emi,,,,,,
HDFCBANKLIMITED ,https://www.hdfcbank.com/,,,,,,
HDFCLIFE ,https://www.hdfclife.com/,,,,,,
HDFCLTD ,https://www.hdfc.com/,,,,,,
HDFCMF CAMS ,https://mycams.camsonline.com/,,,,,,
HDFCMUTUALFUND ,https://www.hdfcfund.com/,,,,,,
HDFCStandardLifeInsu ,https://www.hdfclife.com/,,,,,,
HERO FINCORP ,https://www.herofincorp.com/,,,,,,
HEROFC CAMS ,https://www.camsonline.com/pdfdocuments/CAMS_COTM_application_form-individual.pdf,,,,,,
HEROFINCORPLIMITED ,https://www.herofincorp.com/,,,,,,
HeroFincorpLimitedDe ,https://www.herofincorp.com/,,,,,,
HeroFincorpLimitedRe ,https://www.indeed.co.in/cmp/Hero-Fincorp/reviews,,,,,,
HeroFincorpLtd ,https://www.herofincorp.com/,,,,,,
HINDUJAHOUSINGFINANC ,http://hindujahousingfinance.com/,,,,,,
HINDUJALEYLANDFINANC ,http://hindujaleylandfinance.com/,,,,,,
Home Credit ,https://www.homecredit.co.in/,,,,,,
HOMECRINDFINPVTLTD ,https://www.homecredit.co.in/,,,,,,
HOUSINGDVFINCLT ,https://www.fsstech.com/nach,,,,,,
HSBCCARDSANDLOANSBUS ,https://www.hsbc.co.in/help/faqs/personal-loans/,,,,,,
ICIPRU CAMS ,https://www.icicipruamc.com/,,,,,,
IDBI Bank Ltd ,https://m.idbibank.com/,,,,,,
IDFCMF CAMS ,https://www.idfcmf.com/,,,,,,
INCRED FINANCIAL SER ,https://www.incred.com/,,,,,,
INDIA BULLS HOUSING ,https://www.moneycontrol.com/india/stockpricequote/finance-housing/indiabullshousingfinance/IHF01,,,,,,
India Shelter Financ ,https://www.indiashelter.in/,,,,,,
INDIABULLS COMMERCIA ,http://www.indiabullscommercialcredit.com/,,,,,,
INDIABULLS HOUSING F ,https://www.moneycontrol.com/india/stockpricequote/finance-housing/indiabullshousingfinance/IHF01,,,,,,
INDIANCLRCORPLTD ,https://www.icclindia.com/,,,,,,
IndiaShelterFinance ,https://www.indiashelter.in/,,,,,,
INDINFFINLTD ,https://www.indiainfoline.com/contactus,,,,,,
INDINFHOUFINCOMLTD ,https://www.thebalance.com/what-does-ach-stand-for-315226,,,,,,
INDUSIND BANK CFD ,http://www.indusind.com/careers/consumer-finance-division.html,,,,,,
INVESCOMUTUALFUND ,https://invest.invescomutualfund.com/,,,,,,
ISKCONGhaziabad ,http://iskconghaziabad.com/,,,,,,
IVL FINANCE LIMITED ,http://www.indiabullsventures.com/about-us/overview/,,,,,,
Janalakshmi Financia ,https://www.janabank.com/,,,,,,
KANGRA CO OP BANK ,https://www.kangrabank.com/,,,,,,
KARNATAKA BANK LTD ,https://karnatakabank.com/,,,,,,
KERALA GRAMIN BANK ,https://www.keralagbank.com/,,,,,,
KKBK ,https://www.kotak.com/en.html,,,,,,
KMBLDRAOPERATIONS ,https://www.kotak.com/en/personal-banking/payments/loan.html,,,,,,
KOGTAFINANCIALINDIA ,https://www.kogta.in/,,,,,,
KOGTAFINANCIALINDIAL ,https://www.kogta.in/,,,,,,
KOTAK LIFE INSURANCE ,https://insurance.kotak.com/,,,,,,
KOTAKMAHPRIMELTKKBK ,https://www.fsstech.com/nach,,,,,,
KOTAKMF CAMS ,https://assetmanagement.kotak.com/cams-transaction-points,,,,,,
L T CAMS ,http://www.cammotion.com/,,,,,,
L TFINANCELIMITED ,https://www.ltfs.com/,,,,,,
L THOUSINGFINANCELTD ,https://www.justdial.com/Lucknow/L-T-Housing-Finance-Ltd-Near-Boothnath-Indira-Nagar/0522PX522-X522-160402140043-T9Y3_BZDET,,,,,,
LAXINDFINLEASECAP ,http://www.lifc.co.in/,,,,,,
LENDING KART FINANCE ,https://www.lendingkart.com/,,,,,,
LENDINGKART FINANCE ,https://www.lendingkart.com/,,,,,,
LIC OF INDIA ,https://www.licindia.in/,,,,,,
LICHOUSINGFINLTD ,https://www.lichousing.com/home_loan.php,,,,,,
LICNOMURA ,https://www.licmf.com/,,,,,,
LOANDEPARTMENT ,https://www.indeed.co.in/Loan-Department-jobs,,,,,,
LOHIA SERVICES ,https://www.justdial.com/Delhi/Lohia-Services-Near-Corporation-Bank-Ghitorni/011PXX11-XX11-150121161525-I1E5_BZDET,,,,,,
LORDFINCAPLTD ,https://www.justdial.com/Delhi/Lord-Fincap-Ltd-Near-Radha-Kishan-Mandir-Kailash-Colony/011PXX11-XX11-120627190205-J8H2_BZDET,,,,,,
LORDKRISHNAFINANCIAL ,https://prestloans.com/Contact,,,,,,
LOTUS SREE FILCO PRI ,https://economictimes.indiatimes.com/company/lotus-sree-filco-private-limited-/U65910PN1996PTC101188,,,,,,
MAGMAFINCORPLIMITED ,https://magma.co.in/,,,,,,
MAHINAMAHINFINSERLD ,,,,,,,
MAHINDRA HOLIDAYS AN ,http://www.clubmahindra.com/,,,,,,
MahindraandMahindraF ,https://www.mahindrafinance.com/,,,,,,
MAHINDRAFINANCE ,https://www.mahindrafinance.com/,,,,,,
MAHINDRAFINSERVLTD ,https://www.mahindrafinance.com/,,,,,,
MahindraMF ,https://www.mahindramutualfund.com/,,,,,,
MahindraRuralHousing ,https://www.mahindrahomefinance.com/,,,,,,
MAHNIMAHINFINSERLD ,,,,,,,
MANIBHAVNAMHOMEFINAN ,https://www.manibhavnam.com/,,,,,,
MANPFINLTD ,https://www.quora.com/What-is-the-meaning-of-this-sentence-Mandate-Registration-UMRN-SBIN0000000020588800-for-Rs-43-000-00-issued-to-HDFC-BANK-LIMITED-received-today-In-case-of-any-issues-pls-contact-branch,,,,,,
MaxBupaHealthInsuran ,https://www.maxbupa.com/,,,,,,
MaxLife ,https://www.maxlifeinsurance.com/,,,,,,
MIRAEMF ,https://www.miraeassetmf.co.in/,,,,,,
MONEYPLUSFINANCIALSE ,https://moneyplusfin.com/,,,,,,
MotilalOswalSecuriti ,https://www.motilaloswal.com/,,,,,,
MSF INDIA ,https://www.msfindia.in/,,,,,,
MSSINGHFINLEASEPVTLT ,https://www.zaubacorp.com/company/SINGH-FINLEASE-PRIVATE-LIMITED/U74899DL1993PTC056542,,,,,,
MSSUPREMEHOUSINGFINA ,https://economictimes.indiatimes.com/sahara-housingfina-corporation-ltd/stocks/companyid-9087.cms,,,,,,
MUTHFIN CAMS ,https://www.muthootfincorp.com/product-services/emi-gold-loan,,,,,,
MUTHOOT CAMS ,https://muthoot.com/,,,,,,
MUTHOOT HOMEFIN INDI ,https://www.muthoothomefin.com/,,,,,,
MUTHOOT HOUSING FINA ,https://www.muthoothousing.com/,,,,,,
NATIONALSECURITIESCL ,https://www.nscclindia.com/,,,,,,
NEOGROWTH CREDIT PVT ,https://www.neogrowth.in/,,,,,,
NEWHABITATHOUSINGFIN ,http://newhabitat.in/nhhfdl/,,,,,,
NISSANRENLTFSINPLD ,https://www.bemoneyaware.com/blog/nach-what-is-nach-nach-otm-how-nach-will-replace-ecs/,,,,,,
NJINDIAINVESTPVT ,http://www.njgroup.in/,,,,,,
NJINDIAINVESTPVTLTD ,http://www.njgroup.in/,,,,,,
NSEMFS CAMS ,https://www.nsenmf.com/,,,,,,
OHEALERHEALTHCARESER ,,,,,,,
ORIENTAL BANK OF COM ,https://www.obconline.co.in/,,,,,,
OVINGTONFINANCE ,https://www.ovingtonfinance.com/,,,,,,
OVINGTONFINANCEPVTLT ,https://www.ovingtonfinance.com/,,,,,,
PARIKA INVESTMENTS P ,https://connect2india.com/PARIKA-INVESTMENTS-PRIVATE-LIMITED/1996965,,,,,,
PayU Payments Privat ,https://www.payubiz.in/contact,,,,,,
PERFECT CAPITAL SERV ,https://www.indiamart.com/perfect-capital-service/,,,,,,
PERFECT FINSEC PVT L ,https://connect2india.com/PERFECT-FINSEC-PRIVATE-LIMITED/2011292,,,,,,
PINELABSPRIVATELTD ,https://www.pinelabs.com/,,,,,,
PNBHousingFinanceLtd ,https://www.pnbhousing.com/,,,,,,
PNBMETLIFEINDINSCO ,https://www.pnbmetlife.com/other-disclosure/public-notice.html,,,,,,
POOJA FINELEASE LTD ,https://www.zaubacorp.com/company/POOJA-FINELEASE-LIMITED/U74899DL1995PLC064213,,,,,,
PPFAS CAMS ,https://amc.ppfas.com/investor-desk/pick-up-services/index.php,,,,,,
PRERANA CO OP BANK ,http://preranabank.com/,,,,,,
PROSPER HOUSING FINA ,http://www.prosperhousingfinance.com/,,,,,,
Q FACTOR FINANCE AND ,https://www.zaubacorp.com/company/Q-FACTOR-FINANCE-AND-INVESTMENTS-PRIVATE-LIMITED-/U74899DL1990PTC039476,,,,,,
RAASAFFORDBLHOUSING ,http://rahfil.careersitemanager.com/,,,,,,
Railway India Childr ,https://www.railwaychildren.org.uk/what-we-do/our-work-in-india/,,,,,,
RAZORPAY ,https://razorpay.com/,,,,,,
RBMONEYFINANCIALSERV ,http://rbmoney.in/,,,,,,
RelianceCapitalLtd ,http://www.reliancecapital.co.in/,,,,,,
RELIANCECAPLTDCFDIV ,http://www.reliancecapital.co.in/,,,,,,
RelianceCommercialFi ,https://www.reliancemoney.co.in/,,,,,,
RELIANCEJIOINFOCOMML ,https://twitter.com/hashtag/reliancejioinfocom?src=hash,,,,,,
RELIANCELIFEINSCOM ,https://www.reliancenipponlife.com/,,,,,,
RelianceRetailLimite ,https://relianceretail.com/,,,,,,
RELIGARE HEALTH INSU ,https://www.religarehealthinsurance.com/,,,,,,
Religare Securities ,http://www.religareonline.com/,,,,,,
RELIGAREHOUSINGDEVEL ,https://www.religarehomeloans.com/,,,,,,
RELIGAREHOUSINGDEVFI ,https://www.religarehomeloans.com/,,,,,,
RETAILASSETDEPTOFRBL ,https://www.rblbank.com/api/v1/doc/document/footer-retail-asset/terms-retail-assets.pdf,,,,,,
RETASSTOPIDFB ,,,,,,,
RIVAZ FINANCE LIMITE ,https://www.justdial.com/Meerut/Rivaz-Finance-Limited-Begum-Bridge/9999PX121-X121-101022181432-A1J9DC_BZDET,,,,,,
RivieraInvestorsPLtd ,https://www.zaubacorp.com/company/RIVIERA-INVESTORS-PRIVATE-LIMITED/U65923HR1980PTC069400,,,,,,
RNVP TECHNOLOGY PVT ,https://www.i2ifunding.com/privacy-policy,,,,,,
S G A SECURITIES PVT ,https://www.zaubacorp.com/company/S-G-A-SECURITIES-PRIVATE-LIMITED/U74899DL1994PTC060126,,,,,,
SATINCREDITCARENETLD ,https://satincreditcare.com/,,,,,,
SAVETHECHILDRENBALRA ,https://www.savethechildren.in/about-us,,,,,,
SBI R A C P C ,https://www.prokerala.com/banking/sbi/racpc-ghaziabad-72737.html,,,,,,
SBI R A C P C AGR ,https://economictimes.indiatimes.com/wealth/ifsccode/bank-state-bank-of-india,,,,,,
SBI RACPC CHITRAKOO ,https://www.ifscswiftcodes.com/State-Bank-of-India-(SBI)-IFSC-Code/Rajasthan/Jaipur/Racpc-2-Jaipur.htm,,,,,,
SCUF ,https://scufgaming.com/,,,,,,
SEWAGRIHRINLIMITED ,https://sgrlimited.in/,,,,,,
SHAKUNTLAM SECURITIE ,https://indiankanoon.org/doc/177172658/,,,,,,
Sharekhan Ltd ,https://www.sharekhan.com/,,,,,,
SHRIRAM CITY UNION F ,https://www.shriramcity.in/,,,,,,
SHRIRAMCITYUNIONFINA ,https://www.shriramcity.in/,,,,,,
SHRIRAMTRANSFINCOLTD ,http://www.stfc.in/,,,,,,
SmallBusinessFincred ,http://www.sbfc.com/,,,,,,
SMART COIN FINANCIAL ,https://www.smartcoin.co.in/,,,,,,
SONATA FINANCE PVT L ,https://www.sonataindia.com/,,,,,,
Sreiequipmentfinance ,http://www.srei.com/companies/srei-ventures/sefl,,,,,,
STAN CHART BANK CLPU ,https://www.sc.com/in/,,,,,,
STANCHART BANK CLPU ,https://www.sc.com/in/,,,,,,
STATE BANK OF INDIA ,https://www.onlinesbi.com/,,,,,,
STOCK HOLDING CORP ,https://online.stockholding.com/,,,,,,
STOCK HOLDING CORPOR ,https://online.stockholding.com/,,,,,,
SUNDARAM FINANCE LIT ,https://www.sundaramfinance.in/,,,,,,
SUNDARAM FINANCE LTD ,https://www.sundaramfinance.in/,,,,,,
SUNDARAMMUTUALFUND ,https://www.sundarammutual.com/,,,,,,
SUPERFRIENDSERVICESP ,https://www.zaubacorp.com/company/SUPERFRIEND-SERVICES-PRIVATE-LIMITED/U74140DL2014PTC264275,,,,,,
SUPREMEHOUSINGFINANC ,http://www.supremehomeloans.com/,,,,,,
TATA MOTORS FINANCE ,https://www.tmf.co.in/,,,,,,
TATACAPFINSERLTD ,http://www.tatacapitalfinancialservices.com/,,,,,,
TATACAPHOUFINLTD ,http://www.tatacapitalhfl.com/aboutus/aboutus.htm,,,,,,
TATACAPITALFINANCIAL ,http://www.tatacapitalfinancialservices.com/,,,,,,
TATACAPITALHOUSINGFI ,https://www.tatacapital.com/home-loans.htm,,,,,,
THE MANTOLA COOP THR ,https://indiankanoon.org/doc/135595352/,,,,,,
THE VAISH COOP BANK ,http://vcabdelhi.in/,,,,,,
Think And Learn Pvt ,https://in.linkedin.com/company/byjus,,,,,,
Titan Company Ltd ,https://www.titan.co.in/,,,,,,
TOYOTAFINSERINDLTD ,https://www.scribd.com/document/336257358/AGICL-AXIS-BANK-Statement-JULY-2016-pdf,,,,,,
ABL ,https://en.wikipedia.org/wiki/ABL,,,,,,
ADITYA ,https://www.youtube.com/watch?v=XnbEg2zJIPI,,,,,,
APEXCASTLE ,http://apexcastle.com/AboutUs.html,,,,,,
AWADHSAHUCOOP ,http://asctcs.in/,,,,,,
BAJAJ LIFE ,https://www.bajajallianzlife.com/,,,,,,
BAJAJAUTO REP ,https://www.bajajauto.com/service/locator,,,,,,
BAJAJFIN ,https://www.bajajfinserv.in/,state-delhi,district-new-delhi,branch-racpc-delhi,ifsccode-SBIN0004492.cms,,
BIRLA SUNLIFE ,https://www.adityabirlacapital.com/,,,,,,
BTT ,https://coinmarketcap.com/currencies/bittorrent/,,,,,,
Capital First ,https://www.capitalfirst.com/,,,,,,
CAPITALFIRSTR ,https://www.capitalfirst.com/,,,,,,
Capri Global ,https://www.capriglobal.in/,,,,,,
CAPRIGLOBAL ,https://www.capriglobal.in/,,,,,,
CFHFL REP ,https://nseindia.com/corporate/CAPF_05102018132150_CFL_NCLT_Shareholders_Meeting_Outcome_04102018_096.pdf,,,,,,
CHINTAMANI ,https://www.youtube.com/watch?v=sOufc9qYhhA,,,,,,
CHOLAMANDALAM ,http://www.cholamandalam.com/,,,,,,
CPTLFIRSTHOME ,https://www.capitalfirst.com/home-loan,,,,,,
DRPFINANCIAL ,http://www.drpfinance.com/,,,,,,
ETECHACES ,http://www.etechaces.com/,,,,,,
FAIRASSETS ,https://www.faircent.com/,,,,,,
FUTUREGENERLI ,https://general.futuregenerali.in/,,,,,,
GROLIER ,http://grolier-asia.com/,,,,,,
GURUDEV ,https://en.wikipedia.org/wiki/Gurudev_(film),,,,,,
HDF ,https://www.youtube.com/watch?v=qitenYvpSx4,,,,,,
HERO ,https://www.heromotocorp.com/en-in/,,,,,,
Hinduja ,http://www.hindujagroup.com/,,,,,,
HOME ,https://www.youtube.com/watch?v=jqxENMKaeCU,,,,,,
Home First ,https://homefirstindia.com/,,,,,,
HueyTechnolo ,http://huey.technology.site2preview.com/,,,,,,
ICICI BANK ,https://www.icicibank.com/,,,,,,
ICICIBANK REP ,https://www.icicibank.com/managed-assets/docs/about-us/2006/BG-East-Rep-Dec06.pdf,,,,,,
IFL ,http://www.iflenterprises.com/,,,,,,
IIL ,http://www.indimmune.com/,,,,,,
INDIAINFESIGN ,https://www.thebalance.com/what-does-ach-stand-for-315226,,,,,,
INDIAINFOLINE ,https://www.indiainfoline.com/,,,,,,
INDOSTRACAPT ,,,,,,,
INDSTARHOME ,https://www.facebook.com/hotelgulmor.in/,,,,,,
INTERNATIONAL ,https://www.youtube.com/watch?v=CdXesX6mYUE,,,,,,
INVESTMENTS ,https://en.wikipedia.org/wiki/Investment,,,,,,
ISHAFOUNDATIO ,https://www.ishafoundation.org/?global,,,,,,
Just Dial ,https://www.justdial.com/,,,,,,
KIRANTRADING ,http://kirantrading.com/,,,,,,
KOTAK ,https://www.kotak.com/en.html,,,,,,
L AND T MATUA ,http://www.larsentoubro.com/,,,,,,
LENDINGKART ,https://www.lendingkart.com/,,,,,,
MAGICBUS ,https://www.magicbus.org/,,,,,,
MAGMA HOUSING ,https://www.magmahfc.co.in/,,,,,,
MAGMAHOUREP ,https://github.com/CDAT/vcs-js/blob/master/demo/index.html,,,,,,
MANAPPURAM ,https://www.manappuram.com/,,,,,,
Mswipe Tech ,https://www.mswipe.com/,,,,,,
paisa ,https://en.wikipedia.org/wiki/Paisa,,,,,,
PAISA ESIGN ,https://www.5paisa.com/login-page,,,,,,
PNBHOUSING ,https://www.pnbhousing.com/,,,,,,
PRUDENT ,https://www.prudentcorporate.com/,,,,,,
RATTANINDIA ,http://www.rattanindia.com/,,,,,,
RELIANCE MF ,https://www.reliancemutual.com/,,,,,,
Reliancecomm ,http://www.moneycontrol.com/stocks/cptmarket/compsearchnew.php?search_str=INE330H01018,,,,,,
RELIANCEESIGN ,https://www.youtube.com/watch?v=ABMhZdg2Tt8,,,,,,
RELIANCEHOME ,https://www.reliancehomefinance.com/,,,,,,
RLOAN AXIS BA ,https://www.axisbank.com/retail/loans/personal-loan/features-benefits,,,,,,
SATINHOUSING ,https://satinhousingfinance.com/,,,,,,
SAVEFINANCIAL ,http://savemicrofinance.com/,,,,,,
SFD ,https://sfd.susana.org/about/the-sfd,,,,,,
SHD ,https://www.genecards.org/cgi-bin/carddisp.pl?gene=SHD,,,,,,
SHD IN House ,https://www.youtube.com/watch?v=9iAimdDsBKE,,,,,,
SHIKHARMICRO ,https://www.justdial.com/Delhi/Shikhar-Micro-Finance-Pvt-Ltd-Near-Car-Market-Kishangarh-Vasant-Kunj/011PXX11-XX11-110528194541-K3L4_BZDET,,,,,,
SHUBHAM ,https://www.youtube.com/watch?v=2FBeFz6Q3GQ,,,,,,
SICREVACAPITL ,https://sicrevacapital.com/,,,,,,
SLI ,https://en.wikipedia.org/wiki/Scalable_Link_Interface,,,,,,
STARAGRI FINA ,http://staragrifinance.com/,,,,,,
SUMANGALMOTOR ,https://www.justdial.com/Delhi/Sumangal-Motors-Near-Liberty-Cinema-Karol-Bagh/011PXX11-XX11-101203133058-Y9L7_BZDET,,,,,,
TATACAPFSL ,https://www.tatacapital.com/,,,,,,
Thirumeni Fin ,https://varthana.com/,,,,,,
TVS ,https://www.tvsmotor.com/,,,,,,
UIA ,https://www.flyuia.com/,,,,,,
UNOGROWTHTECH ,https://www.zaubacorp.com/company/UNOGROWTH-TECHNOLOGIES-PRIVATE-LIMITED/U74999HR2017PTC070709,,,,,,
VIVIFIINDIA ,https://www.flexsalary.com/terms-and-conditions.php,,,,,,
VJ LEASING ,https://www.indiamart.com/vj-financial/,,,,,,
Wealth India ,https://www.fundsindia.com/,,,,,,
WEALTHAPPFIN ,https://wealthapp.com/,,,,,,
WHEELSEMI ,https://wheelsemi.com/,,,,,,
ZENLEFIN ,https://www.capitalfloat.com/company,,,,,,
Dewan Housing Fin ,http://www.moneycontrol.com/stocks/cptmarket/compsearchnew.php?search_str=INE202B01012,,,,,,
NACH SHFL ,https://www.shriramhousing.in/,,,,,,
TPACHICICIBANK ,https://www.thebalance.com/what-does-ach-stand-for-315226,,,,,,
TPCapfrst nowIDFC BK ,https://www.livemint.com/Companies/nN8S5UjphAe4EjLTxmZ0IM/Capital-First-merges-with-IDFC-Bank-to-create-IDFC-First-Ban.html,,,,,,
TRUE BLUE FINLEASE L ,https://www.justdial.com/Delhi/True-Blue-Finlease-Ltd-J-BlockNear-More-Store-Tilak-Nagar/011PXX11-XX11-001082321418-N1B8_BZDET,,,,,,
TVS CREDIT SERVICES ,https://www.tvscredit.com/,,,,,,
UCOBANK ,https://www.ucobank.com/,,,,,,
UJJIVANSMALLFINANCEB ,https://www.ujjivansfb.in/,,,,,,
UMMEEDHOUSINGFINANCE ,https://www.ummeedhfc.com/,,,,,,
UNICEF ,https://www.unicef.org/,,,,,,
UNION BANK OF INDIA ,https://www.unionbankofindia.co.in/,,,,,,
UpharFinvestLtd ,https://www.justdial.com/Delhi/Uphar-Finvest-Ltd-Registered-Office-Opposite-BSES-Office-Nehru-Place/011PXX11-XX11-140520151907-P5U2_BZDET,,,,,,
USER ,https://en.wikipedia.org/wiki/User_(computing),,,,,,
VASTU HOUSING FINANC ,https://www.vastuhfc.com/,,,,,,
VEDAVYSADAVPUBLICSCH ,http://vvdav.org/,,,,,,
VIG K FINANCE PRIVAT ,https://www.vigkfinance.com/,,,,,,
VINTAGECREDITLEASE ,https://www.justdial.com/Delhi/Vintage-Credit-Leasing-Pvt-Ltd-Opposite-Karnataka-Bank-Patel-Nagar/011PK010375_BZDET,,,,,,
VISTAAR FINANCIAL SE ,http://www.vistaarfinance.com/,,,,,,
VistaarFinancialServ ,http://www.vistaarfinance.com/,,,,,,
VISU LEASING AND FIN ,https://www.incred.com/faq.html,,,,,,
VODAFONE ,https://www.vodafone.in/,,,,,,
VOLVO ASSET FINANCE ,https://www.vfsco.in/en-in/home.html,,,,,,
VOLVO FINANCIAL SERV ,https://www.vfsco.com/,,,,,,
VYAKTIVIKASKIND ,https://in.linkedin.com/company/vyakti-vikas-kendra-india,,,,,,
WEALTHINDFINSERPLD ,,,,,,,
WOOD CAPITAL FINANCE ,https://www.zaubacorp.com/company/WOOD-CAPITAL-FINANCE-LIMITED/U65999MP1992PLC007399,,,,,,
YES BANK RETAIL ASSE ,https://www.yesbank.in/digital-banking/online-banking/retail-net-banking,,,,,,
Zen Lefin Pvt Ltd ,https://www.capitalfloat.com/company,,,,,,
RUDRAKSHSHAKTIPEETHA,https://www.templepurohit.com/product/3-mukhi-rudraksha/,,,,,,
RUDRAKSHSHPTRHRY,https://www.tripadvisor.in/Hotel_Review-g679024-d9980430-Reviews-Rudraksh_Club_Resorts-Ujjain_Ujjain_District_Madhya_Pradesh.html,,,,,,
S G A SECURITIES PVT,https://www.zaubacorp.com/company/S-G-A-SECURITIES-PRIVATE-LIMITED/U74899DL1994PTC060126,,,,,,
SAFEGUARDINHMPLTD,https://mawsafeguarding.co.uk/,,,,,,
SAHAJ SPIRITUAL,http://www.sahajmarg.org/sm/what-is-spirituality,,,,,,
SaharaIndialifeinsur,https://www.saharalife.com/,,,,,,
SANCTUMWEALTHMANAGEM,https://sanctumwealth.com/,,,,,,
SATINCREDITCARENETLD,https://satincreditcare.com/,,,,,,
SAVETHECHILDRENBALRA,https://www.savethechildren.in/about-us,,,,,,
SBBJ NEW DELHI,https://banksifsccode.com/state-bank-of-bikaner-and-jaipur-ifsc-code/delhi/new-delhi/,,,,,,
SBH NEW DELHI,http://www.ratekhoj.com/bank-branches/bank-locs-results.php?bankname=State+Bank+Of+Hyderabad&cityname=Delhi,,,,,,
SBI ANDHERI RACPC,https://bankifsccode.com/STATE_BANK_OF_INDIA/MAHARASHTRA/MUMBAI/RACPC_ANDHERI_WEST,,,,,,
SBI LOAN RACPC MDSP,https://homeloans.sbi/contact-us,,,,,,
SBI R A C P C ,https://www.prokerala.com/banking/sbi/racpc-ghaziabad-72737.html,,,,,,
SBI R A C P C AGR,https://economictimes.indiatimes.com/wealth/ifsccode/bank-state-bank-of-india,,,,,,
SBI R A C P C LUC,https://www.sbi.co.in/portal/documents/41076/14524542/Lucknow.xls/91f6af39-a376-47fd-9060-4fabf8f85487,,,,,,
SBI RACPC ,https://www.prokerala.com/banking/sbi/racpc-ghaziabad-72737.html,,,,,,
SBI RACPC BHOPAL,http://www.customerhelplinenumber.com/state-bank-of-india-racpc-bhopal-madhya-pradesh.html,,,,,,
SBI RACPC CHENNAI,https://bankifsccode.com/STATE_BANK_OF_INDIA/TAMIL_NADU/CHENNAI/RACPC,,,,,,
SBI RACPC CHITRAKOO,https://www.ifscswiftcodes.com/State-Bank-of-India-(SBI)-IFSC-Code/Rajasthan/Jaipur/Racpc-2-Jaipur.htm,,,,,,
SBI RACPC CHITRAKOOT,https://www.ifscswiftcodes.com/State-Bank-of-India-(SBI)-IFSC-Code/Rajasthan/Jaipur/Racpc-2-Jaipur.htm,,,,,,
SBI RACPC COIMBATORE,http://bankcontact.in/sbi/10042.html,,,,,,
SBI RACPC DEHRADUN,https://bankifsccode.com/STATE_BANK_OF_INDIA/UTTARAKHAND/DEHRADUN/RACPC,,,,,,
SBI RACPC GHATKOPAR,http://bankcontact.in/sbi/15426.html,,,,,,
SBI RACPC GUNTUR,https://banksifsccode.com/state-bank-of-india-ifsc-code/andhra-pradesh/guntur/rasmecc-sarc-guntur-branch/,,,,,,
SBI RACPC GUWAHATI,https://bankifsccode.com/STATE_BANK_OF_INDIA/ASSAM/KAMRUP_/RACPC_GUWAHATI,,,,,,
SBI RACPC GWALIOR,https://www.prokerala.com/banking/sbi/racpc-gwalior-68236.html,,,,,,
SBI RACPC INDORE,http://www.customerhelplinenumber.com/state-bank-of-india-racpc-indore-madhya-pradesh.html,,,,,,
SBI RACPC JODHPUR,http://officesinindia.blogspot.com/2013/10/state-bank-of-india-office-racpc.html,,,,,,
SBI RACPC KANPUR,http://bankcontact.in/sbi/5183.html,,,,,,
SBI RACPC LUCKNOW,https://bankifsccode.com/STATE_BANK_OF_INDIA/UTTAR_PRADESH/LUCKNOW/RACPC_LUCKNOW,,,,,,
SBI RACPC NAGPUR,http://bankcontact.in/sbi/10288.html,,,,,,
SBI RACPC RAJARHAT,https://bankifsccode.com/STATE_BANK_OF_INDIA/WEST_BENGAL/NORTH_24_PARGANAS/RACPC-RAJARHAT,,,,,,
SBI RACPC TAMBARAM,https://www.bankbazaar.com/ifsc-code/state-bank-of-india/tamil-nadu/kancheepuram/racpc-tambaram-branch.html,,,,,,
SBI RACPC VIJAYAWADA,http://bankcontact.in/sbi/5252.html,,,,,,
SBI RASMECC PANIPAT,http://bankcontact.in/sbi/5280.html,,,,,,
SBI RASMECCC PANAJI,https://www.ifscswiftcodes.com/IFSC-Code/SBIN0010290.htm,,,,,,
SBIL ,https://in.investing.com/equities/sbi-life-insurance,,,,,,
SBIL A ,https://www.sbilife.co.in/,,,,,,
SBIMF CAMS,https://www.sbimf.com/en-us/locate-us,,,,,,
SBIRACPC ERNAKULAM,http://bankcontact.in/sbi/10158.html,,,,,,
SBIRACPC HYDERABAD,http://bankcontact.in/sbi/4489.html,,,,,,
SCUF,https://scufgaming.com/,,,,,,
SEWAGRIHRINLIMITED,https://sgrlimited.in/,,,,,,
SHAHEEDBHAGATSINGHHE,https://www.youtube.com/watch?v=7BBk0Dh1jnk,,,,,,
SHAKUNTLAM SECURITIE,https://indiankanoon.org/doc/177172658/,,,,,,
Sharekhan Ltd,https://www.sharekhan.com/,,,,,,
SHCILG CAMS,https://online.stockholding.com/mf/shcilMfOnline.aspx,,,,,,
SHEMROCK HERITAGE,https://www.facebook.com/ShemrockHeritage/,,,,,,
SHRIRAM CITY UNION F,https://www.shriramcity.in/,,,,,,
SHRIRAMCITYUNIONFINA,https://www.shriramcity.in/,,,,,,
SHRIRAMTRANSFINCOLTD,http://www.stfc.in/,,,,,,
SmallBusinessFinCred,http://www.sbfc.com/,,,,,,
SMART COIN FINANCIAL,https://www.smartcoin.co.in/,,,,,,
SMC GLOBAL SECURITIE,https://www.smctradeonline.com/,,,,,,
SONATA FINANCE PVT L,https://www.sonataindia.com/,state-delhi,district-new-delhi,branch-racpc-delhi,ifsccode-SBIN0004492.cms,,
SONI CHATRATH AND CO,https://economictimes.indiatimes.com/soni-chatrath-co-new-delhi/params/smecompany/entityid-110630,,,,,,
SOSCHILDRENSVILL,https://www.findyello.com/jamaica-island/S-O-S-Childrens-Vill-Ja-Ltd,,,,,,
SRDAV PUBLIC SCHOOL,http://davdayanandvihar.net/,,,,,,
Sreiequipmentfinance,http://www.srei.com/companies/srei-ventures/sefl,_CHENNAI,,,,,
ST PAULS SCHOOL AYAN,https://in.linkedin.com/pub/dir/Ayan/Paul,,,,,,
ST PAULS SCHOOL HAUZ,http://www.stpauls-delhi.com/,,,,,,
STAN CHART BANK CLPU,https://www.sc.com/in/,,,,,,
STANCHART BANK CARD,https://www.sc.com/in/credit-cards/,_DEHRADUN,,,,,
STANCHART BANK CLPU,https://www.sc.com/in/,,,,,,
STARFINVESTPVTLTD,https://www.starfinvest.in/,,,,,,
STATE BANK OF INDIA,https://www.onlinesbi.com/,,,,,,
STEMCYTEINTHERPPLT,https://www.fda.gov/downloads/BiologicsBloodVaccines/CellularGeneTherapyProducts/ApprovedProducts/UCM613393.pdf,,,,,,
STERHOLRESORTSILTD,https://www.sterlingholidays.com/resorts-hotels/lonavala,,,,,,
STOCK HOLDING CORP,https://online.stockholding.com/,,,,,,
STOCK HOLDING CORPOR,https://online.stockholding.com/,,,,,,
SUNDARAM FINANCE LIT,https://www.sundaramfinance.in/,,,,,,
SUNDARAM FINANCE LTD,https://www.sundaramfinance.in/,,,,,,
SUNDARAMFINLTD,https://www.sundaramfinance.in/,,,,,,
SUNDARAMMUTUALFUND,https://www.sundarammutual.com/,,,,,,
SUNDMF CAMS,https://www.excelforum.com/excel-general/807579-using-vlookup-to-find-a-string-from-text-and-return-a-label.html,,,,,,
SUPERFRIENDSERVICESP,https://www.zaubacorp.com/company/SUPERFRIEND-SERVICES-PRIVATE-LIMITED/U74140DL2014PTC264275,,,,,,
SUPREMEHOUSINGFINANC,http://www.supremehomeloans.com/,,,,,,
Suryoday SFBL,https://www.suryodaybank.com/,,,,,,
SVC BANK,https://www.svcbank.com/,,,,,,
SYNDICATE BANK,https://www.syndicatebank.in/,,,,,,
TABCAPITALPVTLTD,https://www.tabcapital.co.in/,,,,,,
TATA MOTORS FINANCE,https://www.tmf.co.in/,,,,,,
TATACAPFINSERLTD,http://www.tatacapitalfinancialservices.com/,,,,,,
TATACAPHOUFINLTD,http://www.tatacapitalhfl.com/aboutus/aboutus.htm,,,,,,
TATACAPHSGFINLTD,http://www.tatacapitalhfl.com/aboutus/aboutus.htm,,,,,,
TATACAPITALFINANCIAL,http://www.tatacapitalfinancialservices.com/,,,,,,
TATACAPITALHOUSINGFI,https://www.tatacapital.com/home-loans.htm,,,,,,
TATAMF CAMS,http://www.tatamutualfund.com/downloads/addendums/for-cams,,,,,,
TechProcess BillJn ,https://www.techprocess.co.in/,,,,,,
THE MANTOLA COOP T A,https://www.justdial.com/Delhi/Mantola-Cooperative-Thrift-Credit-Society-Ltd-Mantola-Pahar-Ganj/011P74841_BZDET,,,,,,
THE MANTOLA COOP THR,https://indiankanoon.org/doc/135595352/,,,,,,
THE MANTOLA COOPERAT,https://www.justdial.com/Delhi/Mantola-Cooperative-Thrift-Credit-Society-Ltd-Mantola-Pahar-Ganj/011P74841_BZDET,,,,,,
THE SARASWAT CO OP ,https://www.saraswatbank.com/,,,,,,
THE VAISH COOP BANK,http://vcabdelhi.in/,,,,,,
THELEPROSYMISSIONTRU,https://www.leprosymission.in/,,,,,,
Think And Learn Pvt,https://in.linkedin.com/company/byjus,,,,,,
Titan Company Ltd,https://www.titan.co.in/,,,,,,
TOYOTAFINSERINDLTD,https://www.scribd.com/document/336257358/AGICL-AXIS-BANK-Statement-JULY-2016-pdf,,,,,,
Aadhar Housing Fi,https://aadharhousing.com/,,,,,,
ABL,https://en.wikipedia.org/wiki/ABL,,,,,,
ADARSHCOOP,http://adarshcredit.in/,,,,,,
ADITYA,https://www.youtube.com/watch?v=XnbEg2zJIPI,,,,,,
ALPHAFRONT,https://www.goalwise.com/,,,,,,
AND,https://www.andindia.com/,,,,,,
APEXCASTLE,http://apexcastle.com/AboutUs.html,,,,,,
ARTHAYANTRA,https://www.arthayantra.com/,,,,,,
ASHOKHALLGIRL,https://www.facebook.com/public/Shreya-Saraf/school/Ashok-Hall-Girls-Higher-Secondary-School-134115303276491/,,,,,,
AWADHSAHUCOOP,http://asctcs.in/,,,,,,
BAID LEASING,https://www.balfc.com/,,,,,,
Bajaj Finanac,https://www.bajajfinserv.in/,,,,,,
BAJAJ LIFE,https://www.bajajallianzlife.com/,,,,,,
BAJAJAUTO REP,https://www.bajajauto.com/service/locator,,,,,,
BAJAJFIN,https://www.bajajfinserv.in/,,,,,,
BANSALCREDITS,https://www.zaubacorp.com/company/BANSAL-CREDITS-LIMITED/U65993DL1988PLC031421,,,,,,
BHFL,https://www.bajajfinserv.in/corporate-bajaj-housing-finance-limited-bhfl,,,,,,
BIRLA SUNLIFE,https://www.adityabirlacapital.com/,,,,,,
BJAJALZLICINH,,,,,,,
BTT,https://coinmarketcap.com/currencies/bittorrent/,,,,,,
Capital First,https://www.capitalfirst.com/,,,,,,
CAPITALFIRSTR,https://www.capitalfirst.com/,,,,,,
Capri Global,https://www.capriglobal.in/,,,,,,
CAPRIGLOBAL,https://www.capriglobal.in/,,,,,,
CHADHA,https://en.wikipedia.org/wiki/Ponty_Chadha,,,,,,
CHINTAMANI,https://www.youtube.com/watch?v=sOufc9qYhhA,,,,,,
CHOLAMANDALAM,http://www.cholamandalam.com/,,,,,,
CITY,https://www.youtube.com/watch?v=Hy4QjmKzF1c,,,,,,
CLICKIRR TECH,https://www.zaubacorp.com/company/CLICKIRR-TECHNOLOGIES-PRIVATE-LIMITED/U93000DL2016PTC303310,,,,,,
COGNUS,http://www.cognustechnology.com/,,,,,,
CPTLFIRSTHOME,https://www.capitalfirst.com/home-loan,,,,,,
CSLFININHOU,https://archive.org/stream/bub_gb_dfIUAAAAQAAJ/bub_gb_dfIUAAAAQAAJ_djvu.txt,,,,,,
Dewan H F L,https://www.dhfl.com/,,,,,,
DEWANHOUSING,https://www.moneycontrol.com/india/stockpricequote/finance-housing/dewanhousingfinancecorporation/DHF,,,,,,
DPS,http://www.dpsghaziabad.com/,,,,,,
DRPFINANCIAL,http://www.drpfinance.com/,,,,,,
EAM,https://en.wikipedia.org/wiki/Enterprise_asset_management,,,,,,
EDENRED,https://edenred.co.in/,,,,,,
ELE,https://vle.exeter.ac.uk/,,,,,,
ETECHACES,http://www.etechaces.com/,,,,,,
FAIRASSETS,https://www.faircent.com/,,,,,,
FUTUREGENERLI,https://general.futuregenerali.in/,,,,,,
GEOJITFINAN,https://twitter.com/geojitfinancial?lang=en,,,,,,
GIV,https://en.wikipedia.org/wiki/Giv,,,,,,
GROLIER,http://grolier-asia.com/,,,,,,
GURUDEV,https://en.wikipedia.org/wiki/Gurudev_(film),,,,,,
HDF,https://www.youtube.com/watch?v=qitenYvpSx4,,,,,,
HERO,https://www.heromotocorp.com/en-in/,,,,,,
Hinduja,http://www.hindujagroup.com/,,,,,,
HOME,https://www.youtube.com/watch?v=jqxENMKaeCU,,,,,,
Home First,https://homefirstindia.com/,,,,,,
HueyTechnolo,http://huey.technology.site2preview.com/,,,,,,
ICICI BANK,https://www.icicibank.com/,,,,,,
ICICIBANK REP,https://www.icicibank.com/managed-assets/docs/about-us/2006/BG-East-Rep-Dec06.pdf,,,,,,
IFL,http://www.iflenterprises.com/,,,,,,
IIL,http://www.indimmune.com/,,,,,,
INDIAINFESIGN,https://www.thebalance.com/what-does-ach-stand-for-315226,,,,,,
INDIAINFOLINE,https://www.indiainfoline.com/,,,,,,
INDOSTRACAPT,,,,,,,
INDSTARHOME,https://www.facebook.com/hotelgulmor.in/,,,,,,
INTERNATIONAL,https://www.youtube.com/watch?v=CdXesX6mYUE,,,,,,
Investocafe,https://www.investocafe.com/,,,,,,
IPRUESIGN,,,,,,,
ISHAFOUNDATIO,https://www.ishafoundation.org/?global,,,,,,
ISKCON,http://www.iskcon.org/,,,,,,
JATINDER,https://www.youtube.com/watch?v=B2IWgAvJDV0,,,,,,
Just Dial,https://www.justdial.com/,,,,,,
KIRANTRADING,http://kirantrading.com/,,,,,,
KOTAK,https://www.kotak.com/en.html,,,,,,
KSL,https://www.ksl.com/,,,,,,
L AND T MATUA,http://www.larsentoubro.com/,,,,,,
LAT,https://en.wiktionary.org/wiki/lat,,,,,,
LENDINGKART,https://www.lendingkart.com/,,,,,,
MAGICBUS,https://www.magicbus.org/,,,,,,
MAGMA HOUSING,https://www.magmahfc.co.in/,,,,,,
MAGMAHOUREP,https://github.com/CDAT/vcs-js/blob/master/demo/index.html,,,,,,
MANAPPURAM,https://www.manappuram.com/,,,,,,
MobiKwik,https://www.mobikwik.com/,,,,,,
MOTHER DAIRY,https://www.motherdairy.com/,,,,,,
Mswipe Tech,https://www.mswipe.com/,,,,,,
NDXP P,https://www.federalregister.gov/documents/2018/02/13/2018-02863/self-regulatory-organizations-nasdaq-phlx-llc-notice-of-filing-and-immediate-effectiveness-of,,,,,,
OXF,https://en.oxforddictionaries.com/definition/oxf.,,,,,,
paisa,https://en.wikipedia.org/wiki/Paisa,,,,,,
PAISA ESIGN,https://www.5paisa.com/login-page,,,,,,
PNBHOUSING,https://www.pnbhousing.com/,,,,,,
PRUDENT,https://www.prudentcorporate.com/,,,,,,
RATTANINDIA,http://www.rattanindia.com/,,,,,,
RELIANCE MF,https://www.reliancemutual.com/,,,,,,
Reliancecomm,http://www.moneycontrol.com/stocks/cptmarket/compsearchnew.php?search_str=INE330H01018,,,,,,
RELIANCEESIGN,https://www.youtube.com/watch?v=ABMhZdg2Tt8,,,,,,
RELIANCEHOME,https://www.reliancehomefinance.com/,,,,,,
RLOAN AXIS BA,https://www.axisbank.com/retail/loans/personal-loan/features-benefits,,,,,,
RRF,https://www.washington.edu/research/or/royalty-research-fund-rrf/,,,,,,
SATINHOUSING,https://satinhousingfinance.com/,,,,,,
SAVEFINANCIAL,http://savemicrofinance.com/,,,,,,
SFD,https://sfd.susana.org/about/the-sfd,,,,,,
SHD,https://www.genecards.org/cgi-bin/carddisp.pl?gene=SHD,,,,,,
SHD IN House,https://www.youtube.com/watch?v=9iAimdDsBKE,,,,,,
SHIKHARMICRO,https://www.justdial.com/Delhi/Shikhar-Micro-Finance-Pvt-Ltd-Near-Car-Market-Kishangarh-Vasant-Kunj/011PXX11-XX11-110528194541-K3L4_BZDET,,,,,,
SHUBHAM,https://www.youtube.com/watch?v=2FBeFz6Q3GQ,,,,,,
SICREVACAPITL,https://sicrevacapital.com/,,,,,,
SLI,https://en.wikipedia.org/wiki/Scalable_Link_Interface,,,,,,
SMALLBUSINESS,https://smallbiztrends.com/,,,,,,
SNAPINCREDFIN,,,,,,,
SNAPVISULEAS,,,,,,,
STP,https://en.wikipedia.org/wiki/Standard_conditions_for_temperature_and_pressure,,,,,,
SUMANGALMOTOR,https://www.justdial.com/Delhi/Sumangal-Motors-Near-Liberty-Cinema-Karol-Bagh/011PXX11-XX11-101203133058-Y9L7_BZDET,,,,,,
TATACAPFSL,https://www.tatacapital.com/,,,,,,
Thirumeni Fin,https://varthana.com/,,,,,,
TVS,https://www.tvsmotor.com/,,,,,,
UNOGROWTHTECH,https://www.zaubacorp.com/company/UNOGROWTH-TECHNOLOGIES-PRIVATE-LIMITED/U74999HR2017PTC070709,,,,,,
VIVIFIINDIA,https://www.flexsalary.com/terms-and-conditions.php,,,,,,
VJ LEASING,https://www.indiamart.com/vj-financial/,,,,,,
Wealth India,https://www.fundsindia.com/,,,,,,
WEALTHAPPFIN,https://wealthapp.com/,,,,,,
WHEELSEMI,https://wheelsemi.com/,,,,,,
ZENLEFIN,https://www.capitalfloat.com/company,,,,,,
ADHAR HOUSING FIN,https://aadharhousing.com/,,,,,,
ADITYABIRLA Money,https://stocksandsecurities.adityabirlacapital.com/,,,,,,
ADITYABIRLA SUNLF,https://mutualfund.adityabirlacapital.com/,,,,,,
AHMMEMBERFEE,https://ahm.com.au/,,,,,,
Andhra Bank,https://www.andhrabank.in/,,,,,,
AVIVA INSURANCE,https://www.avivaindia.com/,,,,,,
Axis Bank Ltd,https://www.axisbank.com/,,,,,,
BAJAJ ALLIANZ,https://www.bajajallianz.com/,,,,,,
Bank of Baroda,https://www.bankofbaroda.com/,,,,,,
BANK OF INDIA NRI,https://www.bankofindia.co.in/NRI_SAVINGS_ACCOUNT,,,,,,
BIRLA SUNLIFE INS,https://lifeinsurance.adityabirlacapital.com/,,,,,,
BIRLASUNLIFE MF,https://mf.adityabirlacapital.com/Pages/Secured/Individual/OneABC/Login.aspx,,,,,,
BNP MF,https://www.bnpparibasmf.in/,,,,,,
Busan Auto Finan,https://www.bafindia.com/,,,,,,
CAN FIN HOMES LTD,https://www.canfinhomes.com/,,,,,,
CANARA ROBECO MF,https://www.canararobeco.com/,,,,,,
CHOLAMANDALAM,http://www.cholamandalam.com/,,,,,,
CLUB MAHINDRA,http://www.clubmahindra.com/,,,,,,
Cordlife Sciences,https://www.cordlifeindia.com/,,,,,,
Corporation Bank,https://www.corpbank.com/,,,,,,
DEUTSCHE MF,https://www.deutschebank.co.in/mutual_fund.html,,,,,,
Dewan Housing Fin,http://www.moneycontrol.com/stocks/cptmarket/compsearchnew.php?search_str=INE202B01012,,,,,,
DHFL_Dewan Hsg Fn,https://www.dhfl.com/,,,,,,
DOLPHIN DELHI,http://mtnldelhi.in/dolphinnew/,,,,,,
DSP MF,https://www.dspim.com/,,,,,,
DSPMF Purch,https://www.dspim.com/,,,,,,
ECS DHFL,https://www.dhfl.com/docs/default-source/downloadform/nach-mandate.pdf?sfvrsn=a23651e8_2,,,,,,
ECS MAKE,https://aws.amazon.com/getting-started/tutorials/deploy-docker-containers/,,,,,,
EDELWEISS ASSET,https://www.edelweissmf.com/,,,,,,
EDELWEISS HOUSING,https://www.edelweisshousingfin.com/,,,,,,
Escort AMC,https://www.moneycontrol.com/mutual-funds/amc-details/ES,,,,,,
ExideLife INGLife,https://www.exidelife.in/,,,,,,
EXPATECSDBT,https://www.franklintempletonindia.com/investor/index,,,,,,
FranklinTempleton,https://www.fullertonindia.com/,,,,,,
Fullerton India,https://general.futuregenerali.in/,,,,,,
Future Generali,https://www.consumercomplaints.in/futurem-capital-finance-electronics-product-loan-for-lg-television-loan-c1168124,,,,,,
FUTUREM CAPITAL F,https://www.hdfcfund.com/,,,,,,
HDFC MF,https://www.policybazaar.com/insurance-companies/hdfc-life-insurance/,,,,,,
HDFC STD LIFINS,https://www.herofincorp.com/,,,,,,
HERO FINCORP,https://homefirstindia.com/,,,,,,
Home First Financ,http://www.hsbc.co.in/1/2/personal/loans/personal-loan,,,,,,
HSBC LOAN,https://www.toyotafinance.co.in/,,,,,,
HSBC TOYOTA FINAN,https://www.icicibank.com/,,,,,,
ICICI BANK,https://www.iciciprulife.com/,,,,,,
ICICI PRULIFE,https://www.idfcmf.com/,,,,,,
IDFC MF,https://www.researchgate.net/publication/264268725_Forensic_Investigation_of_Fire-affected_Reinforced_Concrete_Buildings,,,,,,
Idirect MandtTran,https://www.indiabulls.com/,,,,,,
INDIA BULLS,https://www.indiainfoline.com/,,,,,,
India Infoline In,https://searchwindowsserver.techtarget.com/definition/Electronic-Funds-Transfer-EFT,,,,,,
INWARD EFT,https://www.icicipruamc.com/,,,,,,
IPRUMF ,https://www.npci.org.in/nach-notified-documents,,,,,,
JFS ECS DBT,https://am.jpmorgan.com/us/en/asset-management/gim/adv/home,,,,,,
JP MORGAN ASSET,https://www.justdial.com/,,,,,,
JUST DIAL,https://insurance.kotak.com/,,,,,,
Kotak Life Ins,https://assetmanagement.kotak.com/,,,,,,
KOTAK MF,https://www.quora.com/Why-is-my-money-debit-due-to-ECS-ACH-CH-in-an-SBI-savings-account,,,,,,
KSL ECS DPCharges,https://www.ltfs.com/,,,,,,
L T Fin Citi Fin,http://www.ltfs.com/companies/lnt-investment-management/lnt-mutual-fund.html,,,,,,
L T Mutual Fund,https://magma.co.in/,,,,,,
Magma Fincorp Ltd,https://www.magmahfc.co.in/,,,,,,
MAGMA HOUSING FIN,https://www.maxlifeinsurance.com/,,,,,,
Max Nyl,https://www.pnbmetlife.com/,,,,,,
MetLife Ind Ins,http://www.modexindia.com/,,,,,,
Modex Int Sec Ltd,https://www.mswipe.com/,,,,,,
MSWIPE TECHNO LTD,https://www.muthoothousing.com/,,,,,,
Muthoot Housing F,https://www.shriramhousing.in/,,,,,,
NACH SHFL,http://www.njwealth.in/njwealth/toolsandresources.fin?cmdAction=loadFinTool&sipPlanner,,,,,,
NJ Ind Invst SIP,https://www.oxfamindia.org/,,,,,,
OXFAM INDIA,https://www.pnbhousing.com/,,,,,,
PNB Housing Fin,https://www.principalindia.com/,,,,,,
PRINCIPAL MF,https://www.reliancemutual.com/,,,,,,
RELAINCE MF NEW,https://www.reliancenipponlife.com/,,,,,,
Reliance Life,https://investeasy.reliancemutual.com/online/forgotpassword/updatecontact,,,,,,
Reliance MF Mobil,https://www.religarehealthinsurance.com/,,,,,,
Religare,https://www.religarehomeloans.com/,,,,,,
Religare housing,http://www.religareonline.com/,,,,,,
Religare Securiti,https://www.sc.com/in/loans/home-property-loans/home-loans/,,,,,,
SCB India Inf HFL,https://scufgaming.com/s/about-us/,,,,,,
SCUF NORTH,https://www.sharekhan.com/,,,,,,
Sharekhan Ltd,https://shubham.co/,,,,,,
SHUBHAMHOUSINGDEV,http://www.sbfc.com/,,,,,,
SMALLBUSINESS FIN,https://www.sc.com/global/av/in-priority-banking-sos-01-feb17.pdf,,,,,,
StanChart SOS,https://www.sundarambnpphome.in/,,,,,,
SUNDARAM H F L,https://www.sundarammutual.com/,,,,,,
SUNDARAM MF,http://www.tatamutualfund.com/investor/buying-our-funds/ways-to-invest/systematic-investment-plan,,,,,,
TATA MF RFMG ,http://www.tatamutualfund.com/investor/invest-online,,,,,,
TATA MF RFPG ,https://www.moneycontrol.com/mutual-funds/nav/tata-young-citizens-fund-regular-plan/MTA002,,,,,,
TATA MF YCF ,https://www.tmf.co.in/,,,,,,
TMFL ,https://www.tvscredit.com/,,,,,,
TVS FINANCE,https://donatetounicef.in/,,,,,,
UNICEF Donation,https://www.unionbankofindia.co.in/,,,,,,
Union Bank India,http://www.vistaarfinance.com/,,,,,,
Vistaar Finance,https://www.facebook.com/VyaktiVikasKendraIndia/,,,,,,
VYAKTI VIKAS,https://www.fundsindia.com/,,,,,,
Wealth India Fina,https://www.yesbank.in/personal-banking/yes-individual/loans/personal-loans,,,,,,
YES BANK LTD LOAN,https://economictimes.indiatimes.com/markets/expert-view/if-there-is-further-delay-in-yes-bank-raising-capital-then-growth-will-be-a-big-concern-siddharth-purohit-smc-global/articleshow/69342251.cms,,,,,,
YES BANK SMC GLOB,https://abfl.adityabirlacapital.com/Pages/Individual/About-Us/Company-Profile.aspx,,,,,,
TPADITYABIRLAFINANCE,https://magma.co.in/loans/,,,,,,
TPAMAGMAEMI,,,,,,,
TPAXIS CRYOBANK ECS,,,,,,,
TPAXIS DelhiGymkhana,https://www.justdial.com/Delhi/Taxi-Services-in-Delhi-Gymkhana-Club-Safdarjung-Lane/nct-10472932,,,,,,
TPAXIS NARAYANECS,https://www.team-bhp.com/forum/street-experiences/199461-my-experience-running-uber-ola-taxi.html,,,,,,
TPBFL L ADEL ,https://www.compasslexecon.com/professionals/l-adel-turki/,,,,,,
TPBFL L WDEL ,https://www.wdel.com/,,,,,,
TPBFL L WNOI ,https://www.newspapers.com/newspage/27315391/,,,,,,
TPBNK OF MAHARASHTRA,https://www.bankbazaar.com/ifsc-code/bank-of-maharashtra/maharashtra/bid/tps-parli-vaijnath-branch.html,,,,,,
TPCapfrst nowIDFC BK,https://www.livemint.com/Companies/nN8S5UjphAe4EjLTxmZ0IM/Capital-First-merges-with-IDFC-Bank-to-create-IDFC-First-Ban.html,,,,,,
TPCAPITAL F HOME FIN,https://www.moneycontrol.com/india/stockpricequote/finance-housing/reliancehomefinance/RHF01,,,,,,
TPCCFIL LOAN ,https://www.consumercomplaints.in/complaints/ecs-dr-tpccfil-loan-141980-thane-thane-maharashtra-c694206.html,,,,,,
TPCF BAJAJ FINANCE,https://www.complaintboard.in/complaints-reviews/ecs-tpcf-bajaj-finance-l696701.html,,,,,,
TPFAMILY CR Citi Fin,https://www.online.citibank.co.in/,,,,,,
TPSBI LIFE INSURANCE,https://www.irdai.gov.in/ADMINCMS/cms/NormalData_Layout.aspx?page=PageNo129&mid=3.1.9,,,,,,
TPScripbox com India,https://scripbox.com/,,,,,,
TRIRATNA INSTITUTE,https://thebuddhistcentre.com/Triratna-Institute,,,,,,
TRUE BLUE FINLEASE L,https://www.justdial.com/Delhi/True-Blue-Finlease-Ltd-J-BlockNear-More-Store-Tilak-Nagar/011PXX11-XX11-001082321418-N1B8_BZDET,,,,,,
TVS CREDIT SERVICES,https://www.tvscredit.com/,,,,,,
TVSCreditServicesLim,https://www.tvscredit.com/,,,,,,
TVSCREDITSERVLTD,https://www.tvscredit.com/,,,,,,
UAE Exchange,https://www.uaeexchange.com/,,,,,,
UCOBANK,https://www.ucobank.com/,,,,,,
Udyog Software I LTD,https://www.udyogsoftware.com/,,,,,,
UJJIVANSMALLFINANCEB,https://www.ujjivansfb.in/,,,,,,
UMMEEDHOUSINGFINANCE,https://www.ummeedhfc.com/,,,,,,
UMMEEDHOUSINGFINPVTL,https://www.ummeedhfc.com/,,,,,,
UNICEF,https://www.unicef.org/,,,,,,
UNICORNDENMARTLIMITE,http://www.unicorndenmart.com/,,,,,,
UNION BANK OF INDIA,https://www.unionbankofindia.co.in/,,,,,,
UpharFinvestLtd,https://www.justdial.com/Delhi/Uphar-Finvest-Ltd-Registered-Office-Opposite-BSES-Office-Nehru-Place/011PXX11-XX11-140520151907-P5U2_BZDET,,,,,,
USER ,https://en.wikipedia.org/wiki/User_(computing),,,,,,
USHA FINANCIAL SERVI,http://www.ushafinancial.com/,,,,,,
VADODARA ZONE,http://ccovadodarazone.gov.in/en_US/home/,,,,,,
VAIBHAV SHREE CO OPE,http://vaibhavsociety.com/,,,,,,
VAIBHAVSHREECOTCRSCL,https://www.youtube.com/watch?v=o37QmMFFlsw,,,,,,
VASTU HOUSING FINANC,https://www.vastuhfc.com/,,,,,,
VEDAVYSADAVPUBLICSCH,http://vvdav.org/,,,,,,
VENTURA SECURITIES L,https://www.ventura1.com/Home.aspx,,,,,,
VIG K FINANCE PRIVAT,https://www.vigkfinance.com/,,,,,,
VIJAY GUPTA AND COMP,https://in.linkedin.com/in/vijay-gupta-a1995927,,,,,,
VINTAGECREDITLEASE,https://www.justdial.com/Delhi/Vintage-Credit-Leasing-Pvt-Ltd-Opposite-Karnataka-Bank-Patel-Nagar/011PK010375_BZDET,,,,,,
VISTAAR FINANCIAL SE,http://www.vistaarfinance.com/,,,,,,
VistaarFinancialServ,http://www.vistaarfinance.com/,,,,,,
VISU LEASING AND FIN,https://www.incred.com/faq.html,,,,,,
VODAFONE,https://www.vodafone.in/,,,,,,
VYAKTIVIKASKIND,https://in.linkedin.com/company/vyakti-vikas-kendra-india,,,,,,
WEALTHINDFINSERPLD,,,,,,,
WILDLIFE SOS,https://www.wildlifesos.org/,,,,,,
WOOD CAPITAL FINANCE,https://www.zaubacorp.com/company/WOOD-CAPITAL-FINANCE-LIMITED/U65999MP1992PLC007399,,,,,,
WORLD VISION INDIA,https://www.worldvision.in/,,,,,,
WWFINDIA,https://www.wwfindia.org/,,,,,,
YES BANK LTD MERCHAN,https://www.yesbank.in/yes-corporate/investment-banking/merchant-banking,,,,,,
YES BANK RETAIL ASSE,https://www.yesbank.in/digital-banking/online-banking/retail-net-banking,,,,,,
Zen Lefin Pvt Ltd,https://www.capitalfloat.com/company,,,,,,
